Fund Holdings as of,"26/Feb/2026"
 
Ticker,Name,Sector,Asset Class,Market Value,Weight (%),Notional Value,Shares,Price,Location,Exchange,Market Currency
"600519","KWEICHOW MOUTAI LTD A","Consumer Staples","Equity","113,938,047.64","3.82","113,938,047.64","531,671.00","214.30","China","Shanghai Stock Exchange","CNY"
"300750","CONTEMPORARY AMPEREX TECHNOLOGY LT","Industrials","Equity","94,508,247.52","3.17","94,508,247.52","1,868,805.00","50.57","China","Shenzhen Stock Exchange","CNY"
"601899","ZIJIN MINING GROUP LTD A","Materials","Equity","50,296,086.89","1.69","50,296,086.89","8,740,558.00","5.75","China","Shanghai Stock Exchange","CNY"
"600036","CHINA MERCHANTS BANK LTD A","Financials","Equity","49,482,122.57","1.66","49,482,122.57","8,747,979.00","5.66","China","Shanghai Stock Exchange","CNY"
"601138","FOXCONN INDUSTRIAL INTERNET LTD A","Information Technology","Equity","47,587,547.50","1.60","47,587,547.50","5,618,369.00","8.47","China","Shanghai Stock Exchange","CNY"
"601318","PING AN INSURANCE (GROUP) OF CHINA","Financials","Equity","41,943,829.77","1.41","41,943,829.77","4,519,233.00","9.28","China","Shanghai Stock Exchange","CNY"
"600900","CHINA YANGTZE POWER LTD A","Utilities","Equity","39,504,698.58","1.33","39,504,698.58","10,379,541.00","3.81","China","Shanghai Stock Exchange","CNY"
"300308","ZHONGJI INNOLIGHT LTD A","Information Technology","Equity","39,337,385.79","1.32","39,337,385.79","470,341.00","83.64","China","Shenzhen Stock Exchange","CNY"
"688041","HYGON INFORMATION TECHNOLOGY LTD A","Information Technology","Equity","36,475,552.16","1.22","36,475,552.16","987,568.00","36.93","China","Shanghai Stock Exchange","CNY"
"601288","AGRICULTURAL BANK OF CHINA LTD A","Financials","Equity","33,916,023.44","1.14","33,916,023.44","36,144,338.00","0.94","China","Shanghai Stock Exchange","CNY"
"688256","CAMBRICON TECHNOLOGIES CORPORATION","Information Technology","Equity","30,445,721.20","1.02","30,445,721.20","178,220.00","170.83","China","Shanghai Stock Exchange","CNY"
"002594","BYD LTD A","Consumer Discretionary","Equity","30,326,850.38","1.02","30,326,850.38","2,309,296.00","13.13","China","Shenzhen Stock Exchange","CNY"
"601398","INDUSTRIAL AND COMMERCIAL BANK OF","Financials","Equity","27,228,842.78","0.91","27,228,842.78","26,766,422.00","1.02","China","Shanghai Stock Exchange","CNY"
"603993","CHINA MOLYBDENUM LTD A","Materials","Equity","25,043,753.24","0.84","25,043,753.24","7,440,050.00","3.37","China","Shanghai Stock Exchange","CNY"
"000858","WULIANGYE YIBIN LTD A","Consumer Staples","Equity","24,960,047.88","0.84","24,960,047.88","1,643,932.00","15.18","China","Shenzhen Stock Exchange","CNY"
"601166","INDUSTRIAL BANK LTD A","Financials","Equity","24,002,655.03","0.81","24,002,655.03","8,998,431.00","2.67","China","Shanghai Stock Exchange","CNY"
"300502","EOPTOLINK TECHNOLOGY INC LTD A","Information Technology","Equity","23,716,453.49","0.80","23,716,453.49","420,480.00","56.40","China","Shenzhen Stock Exchange","CNY"
"002475","LUXSHARE PRECISION INDUSTRY LTD A","Information Technology","Equity","23,155,571.66","0.78","23,155,571.66","3,096,673.00","7.48","China","Shenzhen Stock Exchange","CNY"
"600276","JIANGSU HENGRUI MEDICINE LTD A","Health Care","Equity","22,495,741.53","0.75","22,495,741.53","2,713,529.00","8.29","China","Shanghai Stock Exchange","CNY"
"002371","NAURA TECHNOLOGY GROUP LTD A","Information Technology","Equity","21,997,384.83","0.74","21,997,384.83","307,850.00","71.45","China","Shenzhen Stock Exchange","CNY"
"300059","EAST MONEY INFORMATION LTD A","Financials","Equity","21,988,440.47","0.74","21,988,440.47","6,686,245.00","3.29","China","Shenzhen Stock Exchange","CNY"
"601328","BANK OF COMMUNICATIONS LTD A","Financials","Equity","21,850,167.21","0.73","21,850,167.21","22,719,525.00","0.96","China","Shanghai Stock Exchange","CNY"
"600030","CITIC SECURITIES LTD A","Financials","Equity","20,866,462.89","0.70","20,866,462.89","5,214,177.00","4.00","China","Shanghai Stock Exchange","CNY"
"600000","SHANGHAI PUDONG DEVELOPMENT BANK L","Financials","Equity","19,165,370.85","0.64","19,165,370.85","13,476,427.00","1.42","China","Shanghai Stock Exchange","CNY"
"300274","SUNGROW POWER SUPPLY LTD A","Industrials","Equity","18,723,873.92","0.63","18,723,873.92","879,540.00","21.29","China","Shenzhen Stock Exchange","CNY"
"600150","CHINA CSSC HOLDINGS LTD A","Industrials","Equity","17,696,747.02","0.59","17,696,747.02","3,177,056.00","5.57","China","Shanghai Stock Exchange","CNY"
"300394","SUZHOU TFC OPTICAL COMMUNICATION L","Information Technology","Equity","17,592,082.94","0.59","17,592,082.94","332,472.00","52.91","China","Shenzhen Stock Exchange","CNY"
"600309","WANHUA CHEMICAL GROUP LTD A","Materials","Equity","17,445,259.65","0.59","17,445,259.65","1,325,894.00","13.16","China","Shanghai Stock Exchange","CNY"
"601601","CHINA PACIFIC INSURANCE (GROUP) LT","Financials","Equity","17,333,537.01","0.58","17,333,537.01","2,895,327.00","5.99","China","Shanghai Stock Exchange","CNY"
"000333","MIDEA GROUP LTD A","Consumer Discretionary","Equity","17,245,081.65","0.58","17,245,081.65","1,488,800.00","11.58","China","Shenzhen Stock Exchange","CNY"
"601088","CHINA SHENHUA ENERGY LTD A","Energy","Equity","17,162,582.74","0.58","17,162,582.74","2,807,147.00","6.11","China","Shanghai Stock Exchange","CNY"
"300476","VICTORY GIANT TECHNOLOGY HUIZHOU L","Information Technology","Equity","16,872,588.37","0.57","16,872,588.37","366,182.00","46.08","China","Shenzhen Stock Exchange","CNY"
"601211","GUOTAI HAITONG SECURITIES LTD A","Financials","Equity","16,564,981.69","0.56","16,564,981.69","5,974,396.00","2.77","China","Shanghai Stock Exchange","CNY"
"002714","MUYUAN FOODS LTD A","Consumer Staples","Equity","15,243,647.21","0.51","15,243,647.21","2,310,968.00","6.60","China","Shenzhen Stock Exchange","CNY"
"603259","WUXI APPTEC LTD A","Health Care","Equity","14,911,922.48","0.50","14,911,922.48","1,040,959.00","14.33","China","Shanghai Stock Exchange","CNY"
"601816","BEIJING-SHANGHAI HIGH SPEED RAILWA","Industrials","Equity","14,760,545.86","0.50","14,760,545.86","20,736,900.00","0.71","China","Shanghai Stock Exchange","CNY"
"601857","PETROCHINA LTD A","Energy","Equity","14,673,117.00","0.49","14,673,117.00","9,218,598.00","1.59","China","Shanghai Stock Exchange","CNY"
"688012","ADVANCED MICRO-FABRICATION EQUIPME","Information Technology","Equity","14,315,079.65","0.48","14,315,079.65","266,651.00","53.68","China","Shanghai Stock Exchange","CNY"
"300760","SHENZHEN MINDRAY BIO-MEDICAL ELECT","Health Care","Equity","14,153,630.25","0.47","14,153,630.25","517,067.00","27.37","China","Shenzhen Stock Exchange","CNY"
"601225","SHAANXI COAL INDUSTRY LTD A","Energy","Equity","13,937,891.67","0.47","13,937,891.67","4,106,816.00","3.39","China","Shanghai Stock Exchange","CNY"
"600406","NARI TECHNOLOGY LTD A","Industrials","Equity","13,623,644.32","0.46","13,623,644.32","3,396,875.00","4.01","China","Shanghai Stock Exchange","CNY"
"600111","CHINA NORTHERN RARE EARTH (GROUP)","Materials","Equity","13,216,604.36","0.44","13,216,604.36","1,530,040.00","8.64","China","Shanghai Stock Exchange","CNY"
"000001","PING AN BANK LTD A","Financials","Equity","13,062,596.43","0.44","13,062,596.43","8,221,865.00","1.59","China","Shenzhen Stock Exchange","CNY"
"600028","CHINA PETROLEUM & CHEMICAL CORP A","Energy","Equity","13,033,775.95","0.44","13,033,775.95","13,740,291.00","0.95","China","Shanghai Stock Exchange","CNY"
"601988","BANK OF CHINA LTD A","Financials","Equity","12,983,974.20","0.44","12,983,974.20","16,856,500.00","0.77","China","Shanghai Stock Exchange","CNY"
"601668","CHINA STATE CONSTRUCTION ENGINEERI","Industrials","Equity","12,875,527.35","0.43","12,875,527.35","17,513,277.00","0.74","China","Shanghai Stock Exchange","CNY"
"000792","QINGHAI SALT LAKE INDUSTRY LTD A","Materials","Equity","12,785,795.72","0.43","12,785,795.72","2,242,447.00","5.70","China","Shenzhen Stock Exchange","CNY"
"002142","BANK OF NINGBO LTD A","Financials","Equity","12,686,481.57","0.43","12,686,481.57","2,801,755.00","4.53","China","Shenzhen Stock Exchange","CNY"
"603986","GIGADEVICE SEMICONDUCTOR INC A","Information Technology","Equity","12,660,536.89","0.42","12,660,536.89","279,964.00","45.22","China","Shanghai Stock Exchange","CNY"
"000338","WEICHAI POWER LTD A","Industrials","Equity","12,366,434.56","0.41","12,366,434.56","2,895,574.00","4.27","China","Shenzhen Stock Exchange","CNY"
"600809","SHANXI XINGHUACUN FEN WINE FACTORY","Consumer Staples","Equity","12,257,360.31","0.41","12,257,360.31","519,658.00","23.59","China","Shanghai Stock Exchange","CNY"
"600031","SANY HEAVY INDUSTRY LTD A","Industrials","Equity","12,243,883.61","0.41","12,243,883.61","3,587,589.00","3.41","China","Shanghai Stock Exchange","CNY"
"002916","SHENNAN CIRCUITS LTD A","Information Technology","Equity","12,006,218.60","0.40","12,006,218.60","283,119.00","42.41","China","Shenzhen Stock Exchange","CNY"
"600919","BANK OF JIANGSU CORPORATION LTD A","Financials","Equity","11,882,331.78","0.40","11,882,331.78","7,779,573.00","1.53","China","Shanghai Stock Exchange","CNY"
"601919","COSCO SHIPPING HOLDINGS LTD A","Industrials","Equity","11,758,271.76","0.39","11,758,271.76","5,338,271.00","2.20","China","Shanghai Stock Exchange","CNY"
"688008","MONTAGE TECHNOLOGY LTD A","Information Technology","Equity","11,621,462.10","0.39","11,621,462.10","481,539.00","24.13","China","Shanghai Stock Exchange","CNY"
"601939","CHINA CONSTRUCTION BANK CORP A","Financials","Equity","11,310,394.21","0.38","11,310,394.21","8,977,199.00","1.26","China","Shanghai Stock Exchange","CNY"
"600346","HENGLI PETROCHEMICAL LTD A","Materials","Equity","11,108,153.23","0.37","11,108,153.23","3,005,131.00","3.70","China","Shanghai Stock Exchange","CNY"
"002352","S.F. HOLDING LTD A","Industrials","Equity","11,087,504.35","0.37","11,087,504.35","2,022,893.00","5.48","China","Shenzhen Stock Exchange","CNY"
"601600","ALUMINUM CORPORATION OF CHINA LTD","Materials","Equity","10,994,359.63","0.37","10,994,359.63","5,588,500.00","1.97","China","Shanghai Stock Exchange","CNY"
"300033","HITHINK ROYALFLUSH INFORMATION NET","Financials","Equity","10,960,877.57","0.37","10,960,877.57","227,242.00","48.23","China","Shenzhen Stock Exchange","CNY"
"600183","SHENGYI TECHNOLOGY LTD A","Information Technology","Equity","10,921,362.47","0.37","10,921,362.47","1,023,586.00","10.67","China","Shanghai Stock Exchange","CNY"
"300433","LENS TECHNOLOGY LTD A","Information Technology","Equity","10,894,937.07","0.37","10,894,937.07","2,097,973.00","5.19","China","Shenzhen Stock Exchange","CNY"
"601985","CHINA NATIONAL NUCLEAR POWER LTD A","Utilities","Equity","10,860,747.85","0.36","10,860,747.85","8,711,262.00","1.25","China","Shanghai Stock Exchange","CNY"
"601127","SERES GROUP LTD A","Consumer Discretionary","Equity","10,792,815.89","0.36","10,792,815.89","696,100.00","15.50","China","Shanghai Stock Exchange","CNY"
"600989","NINGXIA BAOFENG ENERGY GROUP LTD A","Materials","Equity","10,747,746.61","0.36","10,747,746.61","3,122,460.00","3.44","China","Shanghai Stock Exchange","CNY"
"600547","SHANDONG GOLD-MINING LTD A","Materials","Equity","10,550,045.71","0.35","10,550,045.71","1,548,955.00","6.81","China","Shanghai Stock Exchange","CNY"
"603288","FOSHAN HAI TIAN FLAVOURING & FOOD","Consumer Staples","Equity","10,306,061.27","0.35","10,306,061.27","1,967,411.00","5.24","China","Shanghai Stock Exchange","CNY"
"600887","INNER MONGOLIA YILI INDUSTRIAL GRO","Consumer Staples","Equity","10,220,727.94","0.34","10,220,727.94","2,677,189.00","3.82","China","Shanghai Stock Exchange","CNY"
"002463","WUS PRINTED CIRCUIT (KUNSHAN) LTD","Information Technology","Equity","10,161,942.16","0.34","10,161,942.16","814,503.00","12.48","China","Shenzhen Stock Exchange","CNY"
"000568","LUZHOU LAO JIAO LTD A","Consumer Staples","Equity","10,153,195.18","0.34","10,153,195.18","625,821.00","16.22","China","Shenzhen Stock Exchange","CNY"
"600690","HAIER SMART HOME LTD A","Consumer Discretionary","Equity","10,115,475.72","0.34","10,115,475.72","2,665,950.00","3.79","China","Shanghai Stock Exchange","CNY"
"600893","AECC AVIATION POWER LTD A","Industrials","Equity","9,953,200.05","0.33","9,953,200.05","1,141,049.00","8.72","China","Shanghai Stock Exchange","CNY"
"000725","BOE TECHNOLOGY GROUP LTD A","Information Technology","Equity","9,935,104.53","0.33","9,935,104.53","15,698,383.00","0.63","China","Shenzhen Stock Exchange","CNY"
"002384","SUZHOU DONGSHAN PRECISION MANUFACT","Information Technology","Equity","9,822,904.51","0.33","9,822,904.51","782,470.00","12.55","China","Shenzhen Stock Exchange","CNY"
"601688","HUATAI SECURITIES LTD A","Financials","Equity","9,771,090.05","0.33","9,771,090.05","3,110,835.00","3.14","China","Shanghai Stock Exchange","CNY"
"601888","CHINA TOURISM GROUP DUTY FREE CORP","Consumer Discretionary","Equity","9,623,789.37","0.32","9,623,789.37","822,023.00","11.71","China","Shanghai Stock Exchange","CNY"
"600089","TBEA LTD A","Industrials","Equity","9,615,813.88","0.32","9,615,813.88","2,151,389.00","4.47","China","Shanghai Stock Exchange","CNY"
"601100","JIANGSU HENGLI HYDRAULIC LTD A","Industrials","Equity","9,605,525.39","0.32","9,605,525.39","573,515.00","16.75","China","Shanghai Stock Exchange","CNY"
"601336","NEW CHINA LIFE INSURANCE LTD A","Financials","Equity","9,604,242.38","0.32","9,604,242.38","874,505.00","10.98","China","Shanghai Stock Exchange","CNY"
"000063","ZTE CORP A","Information Technology","Equity","9,575,054.05","0.32","9,575,054.05","1,698,486.00","5.64","China","Shenzhen Stock Exchange","CNY"
"601766","CRRC CORP LTD A","Industrials","Equity","9,570,177.06","0.32","9,570,177.06","10,311,376.00","0.93","China","Shanghai Stock Exchange","CNY"
"600019","BAOSHAN IRON & STEEL LTD A","Materials","Equity","9,498,738.89","0.32","9,498,738.89","9,205,166.00","1.03","China","Shanghai Stock Exchange","CNY"
"600050","CHINA UNITED NETWORK COMMUNICATION","Communication","Equity","9,461,713.55","0.32","9,461,713.55","13,265,400.00","0.71","China","Shanghai Stock Exchange","CNY"
"002493","RONGSHENG PETRO CHEMICAL LTD A","Materials","Equity","9,448,125.55","0.32","9,448,125.55","4,233,280.00","2.23","China","Shenzhen Stock Exchange","CNY"
"601658","POSTAL SAVINGS BANK OF CHINA LTD A","Financials","Equity","9,364,082.10","0.31","9,364,082.10","12,864,895.00","0.73","China","Shanghai Stock Exchange","CNY"
"601818","CHINA EVERBRIGHT BANK LTD A","Financials","Equity","9,319,617.65","0.31","9,319,617.65","19,679,926.00","0.47","China","Shanghai Stock Exchange","CNY"
"600489","ZHONGJIN GOLD CORP LTD A","Materials","Equity","9,276,314.54","0.31","9,276,314.54","2,042,700.00","4.54","China","Shanghai Stock Exchange","CNY"
"603501","OMNIVISION INTEGRATED CIRCUITS GRO","Information Technology","Equity","9,222,523.95","0.31","9,222,523.95","514,671.00","17.92","China","Shanghai Stock Exchange","CNY"
"000425","XCMG CONSTRUCTION MACHINERY LTD A","Industrials","Equity","9,099,744.21","0.31","9,099,744.21","5,037,106.00","1.81","China","Shenzhen Stock Exchange","CNY"
"603799","ZHEJIANG HUAYOU COBALT LTD A","Industrials","Equity","9,004,718.02","0.30","9,004,718.02","801,359.00","11.24","China","Shanghai Stock Exchange","CNY"
"002938","AVARY HOLDING (SHENZHEN) LTD A","Information Technology","Equity","8,826,590.20","0.30","8,826,590.20","974,500.00","9.06","China","Shenzhen Stock Exchange","CNY"
"688111","BEIJING KINGSOFT OFFICE SOFTWARE I","Information Technology","Equity","8,714,517.06","0.29","8,714,517.06","198,083.00","43.99","China","Shanghai Stock Exchange","CNY"
"300442","RANGE INTELLIGENT COMPUTING TECHNO","Information Technology","Equity","8,700,085.04","0.29","8,700,085.04","582,600.00","14.93","China","Shenzhen Stock Exchange","CNY"
"601229","BANK OF SHANGHAI LTD A","Financials","Equity","8,588,764.31","0.29","8,588,764.31","6,020,759.00","1.43","China","Shanghai Stock Exchange","CNY"
"600016","CHINA MINSHENG BANKING CORP LTD A","Financials","Equity","8,585,558.47","0.29","8,585,558.47","15,139,349.00","0.57","China","Shanghai Stock Exchange","CNY"
"601009","BANK OF NANJING LTD A","Financials","Equity","8,579,093.89","0.29","8,579,093.89","5,240,754.00","1.64","China","Shanghai Stock Exchange","CNY"
"601012","LONGI GREEN ENERGY TECHNOLOGY LTD","Information Technology","Equity","8,575,850.06","0.29","8,575,850.06","3,211,508.00","2.67","China","Shanghai Stock Exchange","CNY"
"000408","ZANGGE MINING LTD A","Materials","Equity","8,375,565.17","0.28","8,375,565.17","658,666.00","12.72","China","Shenzhen Stock Exchange","CNY"
"688521","VERISILICON MICROELECTRONICS (SHAN","Information Technology","Equity","8,363,598.68","0.28","8,363,598.68","222,213.00","37.64","China","Shanghai Stock Exchange","CNY"
"600010","INNER MONGOLIA BAOTOU STEEL UNION","Materials","Equity","8,362,232.43","0.28","8,362,232.43","19,198,900.00","0.44","China","Shanghai Stock Exchange","CNY"
"605499","EASTROC BEVERAGE (GROUP) LTD A","Consumer Staples","Equity","8,188,283.06","0.27","8,188,283.06","220,770.00","37.09","China","Shanghai Stock Exchange","CNY"
"002230","IFLYTEK LTD A","Information Technology","Equity","8,002,517.37","0.27","8,002,517.37","983,150.00","8.14","China","Shenzhen Stock Exchange","CNY"
"601390","CHINA RAILWAY GROUP LTD A","Industrials","Equity","7,873,883.14","0.26","7,873,883.14","8,759,599.00","0.90","China","Shanghai Stock Exchange","CNY"
"300014","EVE ENERGY LTD A","Industrials","Equity","7,827,228.46","0.26","7,827,228.46","861,524.00","9.09","China","Shenzhen Stock Exchange","CNY"
"300408","CHAOZHOU THREE-CIRCLE (GROUP) LTD","Information Technology","Equity","7,805,162.91","0.26","7,805,162.91","809,725.00","9.64","China","Shenzhen Stock Exchange","CNY"
"601628","CHINA LIFE INSURANCE LTD A","Financials","Equity","7,747,922.22","0.26","7,747,922.22","1,183,253.00","6.55","China","Shanghai Stock Exchange","CNY"
"601872","CHINA MERCHANTS ENERGY SHIPPING LT","Energy","Equity","7,691,622.18","0.26","7,691,622.18","3,373,368.00","2.28","China","Shanghai Stock Exchange","CNY"
"600999","CHINA MERCHANTS SECURITIES LTD A","Financials","Equity","7,647,920.20","0.26","7,647,920.20","3,152,141.00","2.43","China","Shanghai Stock Exchange","CNY"
"000776","GF SECURITIES LTD A","Financials","Equity","7,598,071.09","0.25","7,598,071.09","2,498,053.00","3.04","China","Shenzhen Stock Exchange","CNY"
"600660","FUYAO GLASS INDUSTRY GROUP LTD A","Consumer Discretionary","Equity","7,576,469.16","0.25","7,576,469.16","842,462.00","8.99","China","Shanghai Stock Exchange","CNY"
"601689","NINGBO TUOPU GROUP CLS LTD A","Consumer Discretionary","Equity","7,544,859.46","0.25","7,544,859.46","745,206.00","10.12","China","Shanghai Stock Exchange","CNY"
"600418","ANHUI JIANGHUAI AUTOMOBILE CORP LT","Consumer Discretionary","Equity","7,481,013.74","0.25","7,481,013.74","926,400.00","8.08","China","Shanghai Stock Exchange","CNY"
"600926","BANK OF HANGZHOU LTD A","Financials","Equity","7,375,552.87","0.25","7,375,552.87","3,099,635.00","2.38","China","Shanghai Stock Exchange","CNY"
"600905","CHINA THREE GORGES RENEWABLES(GROU","Utilities","Equity","7,305,248.59","0.25","7,305,248.59","12,190,500.00","0.60","China","Shanghai Stock Exchange","CNY"
"601727","SHANGHAI ELECTRIC GROUP LTD A","Industrials","Equity","7,218,255.10","0.24","7,218,255.10","5,415,116.00","1.33","China","Shanghai Stock Exchange","CNY"
"600362","JIANGXI COPPER LTD A","Materials","Equity","7,213,936.63","0.24","7,213,936.63","867,422.00","8.32","China","Shanghai Stock Exchange","CNY"
"002460","GANFENG LITHIUM GROUP LTD A","Materials","Equity","7,197,877.48","0.24","7,197,877.48","675,905.00","10.65","China","Shenzhen Stock Exchange","CNY"
"600176","CHINA JUSHI LTD A","Materials","Equity","7,162,673.40","0.24","7,162,673.40","1,719,494.00","4.17","China","Shanghai Stock Exchange","CNY"
"600875","DONGFANG ELECTRIC CORP LTD A","Industrials","Equity","7,109,350.67","0.24","7,109,350.67","1,302,296.00","5.46","China","Shanghai Stock Exchange","CNY"
"002600","LINGYI ITECH (GUANGDONG) A","Information Technology","Equity","7,076,984.07","0.24","7,076,984.07","3,117,792.00","2.27","China","Shenzhen Stock Exchange","CNY"
"600673","GUANGDONG HEC TECHNOLOGY HOLDING L","Materials","Equity","7,055,801.08","0.24","7,055,801.08","1,277,100.00","5.52","China","Shanghai Stock Exchange","CNY"
"601169","BANK OF BEIJING LTD A","Financials","Equity","7,029,827.43","0.24","7,029,827.43","8,956,550.00","0.78","China","Shanghai Stock Exchange","CNY"
"002353","YANTAI JEREH OILFIELD SERVICES GRO","Energy","Equity","7,020,472.94","0.24","7,020,472.94","435,473.00","16.12","China","Shenzhen Stock Exchange","CNY"
"000166","SHENWAN HONGYUAN GROUP LTD A","Financials","Equity","7,013,712.01","0.24","7,013,712.01","9,597,283.00","0.73","China","Shenzhen Stock Exchange","CNY"
"600160","ZHEJIANG JU HUA LTD A","Materials","Equity","6,897,764.07","0.23","6,897,764.07","1,142,414.00","6.04","China","Shanghai Stock Exchange","CNY"
"601111","AIR CHINA LTD A","Industrials","Equity","6,851,975.39","0.23","6,851,975.39","5,470,227.00","1.25","China","Shanghai Stock Exchange","CNY"
"600104","SAIC MOTOR CORP LTD A","Consumer Discretionary","Equity","6,801,399.59","0.23","6,801,399.59","3,254,113.00","2.09","China","Shanghai Stock Exchange","CNY"
"002837","SHENZHEN ENVICOOL TECHNOLOGY LTD A","Industrials","Equity","6,785,306.48","0.23","6,785,306.48","408,300.00","16.62","China","Shenzhen Stock Exchange","CNY"
"688271","SHANGHAI UNITED IMAGING HEALTHCARE","Health Care","Equity","6,772,986.03","0.23","6,772,986.03","353,736.00","19.15","China","Shanghai Stock Exchange","CNY"
"000807","YUNNAN ALUMINIUM LTD A","Materials","Equity","6,747,859.82","0.23","6,747,859.82","1,489,755.00","4.53","China","Shenzhen Stock Exchange","CNY"
"600487","HENGTONG OPTIC ELECTRIC LTD A","Information Technology","Equity","6,708,629.97","0.23","6,708,629.97","1,035,396.00","6.48","China","Shanghai Stock Exchange","CNY"
"601881","CHINA GALAXY SECURITIES LTD A","Financials","Equity","6,605,154.66","0.22","6,605,154.66","3,086,827.00","2.14","China","Shanghai Stock Exchange","CNY"
"301308","SHENZHEN LONGSYS ELECTRONICS LTD A","Information Technology","Equity","6,599,343.13","0.22","6,599,343.13","150,600.00","43.82","China","Shenzhen Stock Exchange","CNY"
"002625","KUANG-CHI TECHNOLOGIES LTD A","Industrials","Equity","6,545,257.30","0.22","6,545,257.30","927,534.00","7.06","China","Shenzhen Stock Exchange","CNY"
"300498","WENS FOODSTUFF GROUP LTD","Consumer Staples","Equity","6,521,484.86","0.22","6,521,484.86","2,854,683.00","2.28","China","Shenzhen Stock Exchange","CNY"
"688072","PIOTECH INC A","Information Technology","Equity","6,509,837.78","0.22","6,509,837.78","118,219.00","55.07","China","Shanghai Stock Exchange","CNY"
"000651","GREE ELECTRIC APPLIANCES INC OF ZH","Consumer Discretionary","Equity","6,461,141.78","0.22","6,461,141.78","1,176,000.00","5.49","China","Shenzhen Stock Exchange","CNY"
"600886","SDIC POWER HOLDINGS LTD A","Utilities","Equity","6,441,302.41","0.22","6,441,302.41","3,366,700.00","1.91","China","Shanghai Stock Exchange","CNY"
"002027","FOCUS MEDIA INFORMATION TECHNOLOGY","Communication","Equity","6,418,967.26","0.22","6,418,967.26","6,150,881.00","1.04","China","Shenzhen Stock Exchange","CNY"
"600585","ANHUI CONCH CEMENT LTD A","Materials","Equity","6,383,084.17","0.21","6,383,084.17","1,705,263.00","3.74","China","Shanghai Stock Exchange","CNY"
"000630","TONGLING NONFERROUS METALS GROUP L","Materials","Equity","6,368,355.88","0.21","6,368,355.88","5,740,582.00","1.11","China","Shenzhen Stock Exchange","CNY"
"601066","CHINA SECURITIES LTD A","Financials","Equity","6,367,241.49","0.21","6,367,241.49","1,836,568.00","3.47","China","Shanghai Stock Exchange","CNY"
"601006","DAQIN RAILWAY LTD A","Industrials","Equity","6,318,434.68","0.21","6,318,434.68","8,526,522.00","0.74","China","Shanghai Stock Exchange","CNY"
"000100","TCL TECHNOLOGY GROUP CORP A","Information Technology","Equity","6,289,834.39","0.21","6,289,834.39","8,928,172.00","0.70","China","Shenzhen Stock Exchange","CNY"
"600188","YANKUANG ENERGY GROUP LTD A","Energy","Equity","6,289,207.88","0.21","6,289,207.88","2,532,637.00","2.48","China","Shanghai Stock Exchange","CNY"
"601995","CHINA INTERNATIONAL CAPITAL CORP L","Financials","Equity","6,272,159.62","0.21","6,272,159.62","1,237,752.00","5.07","China","Shanghai Stock Exchange","CNY"
"600115","CHINA EASTERN AIRLINES CORP LTD A","Industrials","Equity","6,200,731.50","0.21","6,200,731.50","7,251,994.00","0.86","China","Shanghai Stock Exchange","CNY"
"000538","YUNNAN BAIYAO GROUP LTD A","Health Care","Equity","6,178,357.65","0.21","6,178,357.65","751,486.00","8.22","China","Shenzhen Stock Exchange","CNY"
"600549","XIAMEN TUNGSTEN LTD A","Materials","Equity","6,171,554.29","0.21","6,171,554.29","662,138.00","9.32","China","Shanghai Stock Exchange","CNY"
"300124","SHENZHEN INOVANCE TECHNOLOGY LTD A","Industrials","Equity","6,168,132.31","0.21","6,168,132.31","571,831.00","10.79","China","Shenzhen Stock Exchange","CNY"
"300015","AIER EYE HOSPITAL GROUP LTD A","Health Care","Equity","6,142,463.11","0.21","6,142,463.11","3,968,414.00","1.55","China","Shenzhen Stock Exchange","CNY"
"600436","ZHANGZHOU PIENTZEHUANG PHARMACEUTI","Health Care","Equity","6,071,987.03","0.20","6,071,987.03","254,867.00","23.82","China","Shanghai Stock Exchange","CNY"
"601669","POWER CONSTRUCTION CORPORATION OF","Industrials","Equity","6,042,184.87","0.20","6,042,184.87","7,278,067.00","0.83","China","Shanghai Stock Exchange","CNY"
"002050","ZHEJIANG SANHUA INTELLIGENT CONTRO","Industrials","Equity","6,017,837.10","0.20","6,017,837.10","792,700.00","7.59","China","Shenzhen Stock Exchange","CNY"
"002202","GOLDWIND SCIENCE&TECHNOLOGY LTD A","Industrials","Equity","5,995,717.78","0.20","5,995,717.78","1,445,437.00","4.15","China","Shenzhen Stock Exchange","CNY"
"002001","ZHEJIANG NHU LTD A","Materials","Equity","5,928,352.42","0.20","5,928,352.42","1,305,879.00","4.54","China","Shenzhen Stock Exchange","CNY"
"002241","GOERTEK INC A","Information Technology","Equity","5,925,243.14","0.20","5,925,243.14","1,497,021.00","3.96","China","Shenzhen Stock Exchange","CNY"
"600522","JIANGSU ZHONGTIAN TECHNOLOGY LTD A","Industrials","Equity","5,889,846.79","0.20","5,889,846.79","1,460,571.00","4.03","China","Shanghai Stock Exchange","CNY"
"000977","INSPUR ELECTRONIC INFORMATION INDU","Information Technology","Equity","5,734,550.64","0.19","5,734,550.64","622,081.00","9.22","China","Shenzhen Stock Exchange","CNY"
"000426","INNER MONGOLIA XINGYE SILVER&TIN M","Materials","Equity","5,733,891.06","0.19","5,733,891.06","752,400.00","7.62","China","Shenzhen Stock Exchange","CNY"
"000895","HENAN SHUANGHUI INVESTMENT & DEVEL","Consumer Staples","Equity","5,715,681.27","0.19","5,715,681.27","1,488,601.00","3.84","China","Shenzhen Stock Exchange","CNY"
"000625","CHONGQING CHANGAN AUTOMOBILE LTD A","Consumer Discretionary","Equity","5,705,544.04","0.19","5,705,544.04","3,532,687.00","1.62","China","Shenzhen Stock Exchange","CNY"
"300604","HANGZHOU CHANG CHUAN TECHNOLOGY LT","Information Technology","Equity","5,675,173.18","0.19","5,675,173.18","262,000.00","21.66","China","Shenzhen Stock Exchange","CNY"
"001979","CHINA MERCHANTS SHEKOU INDUSTRIAL","Real Estate","Equity","5,629,289.06","0.19","5,629,289.06","3,851,447.00","1.46","China","Shenzhen Stock Exchange","CNY"
"002311","GUANGDONG HAID GROUP LTD A","Consumer Staples","Equity","5,590,510.46","0.19","5,590,510.46","713,870.00","7.83","China","Shenzhen Stock Exchange","CNY"
"002080","SINOMA SCIENCE & TECHNOLOGY LTD A","Materials","Equity","5,516,931.78","0.19","5,516,931.78","713,800.00","7.73","China","Shenzhen Stock Exchange","CNY"
"600015","HUA XIA BANK LTD A","Financials","Equity","5,510,061.65","0.18","5,510,061.65","5,651,985.00","0.97","China","Shanghai Stock Exchange","CNY"
"605117","NINGBO DEYE TECHNOLOGY LTD A","Industrials","Equity","5,508,207.49","0.18","5,508,207.49","383,261.00","14.37","China","Shanghai Stock Exchange","CNY"
"600584","JCET GROUP LTD A","Information Technology","Equity","5,468,164.50","0.18","5,468,164.50","767,900.00","7.12","China","Shanghai Stock Exchange","CNY"
"000988","HUAGONG TECH LTD A","Information Technology","Equity","5,442,321.45","0.18","5,442,321.45","420,500.00","12.94","China","Shenzhen Stock Exchange","CNY"
"300857","SHARETRONIC DATA TECHNOLOGY LTD A","Information Technology","Equity","5,435,069.70","0.18","5,435,069.70","149,400.00","36.38","China","Shenzhen Stock Exchange","CNY"
"601998","CHINA CITIC BANK CORP LTD A","Financials","Equity","5,420,439.34","0.18","5,420,439.34","5,129,400.00","1.06","China","Shanghai Stock Exchange","CNY"
"600795","GD POWER DEVELOPMENT LTD A","Utilities","Equity","5,394,161.75","0.18","5,394,161.75","7,656,800.00","0.70","China","Shanghai Stock Exchange","CNY"
"601360","360 SECURITY TECHNOLOGY INC A","Information Technology","Equity","5,327,582.53","0.18","5,327,582.53","2,956,225.00","1.80","China","Shanghai Stock Exchange","CNY"
"600026","COSCO SHIPPING ENERGY TRANSPORTATI","Energy","Equity","5,326,837.02","0.18","5,326,837.02","1,783,031.00","2.99","China","Shanghai Stock Exchange","CNY"
"600029","CHINA SOUTHERN AIRLINES LTD A","Industrials","Equity","5,310,865.58","0.18","5,310,865.58","4,787,336.00","1.11","China","Shanghai Stock Exchange","CNY"
"000975","SHANJIN INTERNATIONAL GOLD LTD A","Materials","Equity","5,285,288.94","0.18","5,285,288.94","1,178,647.00","4.48","China","Shenzhen Stock Exchange","CNY"
"000301","JIANGSU EASTERN SHENGHONG LTD A","Materials","Equity","5,247,998.50","0.18","5,247,998.50","2,766,237.00","1.90","China","Shenzhen Stock Exchange","CNY"
"USD","USD CASH","Cash and/or Derivatives","Cash","5,241,416.20","0.18","5,241,416.20","5,241,416.00","100.00","United States","-","USD"
"002736","GUOSEN SECURITIES LTD A","Financials","Equity","5,218,238.50","0.18","5,218,238.50","2,888,523.00","1.81","China","Shenzhen Stock Exchange","CNY"
"601319","THE PEOPLES INSURANCE COMPANY (GRO","Financials","Equity","5,102,646.80","0.17","5,102,646.80","4,064,178.00","1.26","China","Shanghai Stock Exchange","CNY"
"002466","TIANQI LITHIUM INDUSTRIES CORP A","Materials","Equity","5,093,596.79","0.17","5,093,596.79","621,866.00","8.19","China","Shenzhen Stock Exchange","CNY"
"601179","CHINA XD ELECTRIC LTD A","Industrials","Equity","5,073,401.72","0.17","5,073,401.72","2,160,000.00","2.35","China","Shanghai Stock Exchange","CNY"
"600219","SHANDONG NANSHAN ALUMINIUM LTD A","Materials","Equity","5,062,837.10","0.17","5,062,837.10","4,927,300.00","1.03","China","Shanghai Stock Exchange","CNY"
"002532","TIANSHAN ALUMINUM GROUP LTD A","Materials","Equity","5,049,564.43","0.17","5,049,564.43","1,957,400.00","2.58","China","Shenzhen Stock Exchange","CNY"
"600048","POLY DEVELOPMENTS AND HOLDINGS GRO","Real Estate","Equity","5,045,584.47","0.17","5,045,584.47","5,099,096.00","0.99","China","Shanghai Stock Exchange","CNY"
"600438","TONGWEI LTD A","Information Technology","Equity","5,029,601.74","0.17","5,029,601.74","1,894,908.00","2.65","China","Shanghai Stock Exchange","CNY"
"002709","GUANGZHOU TINCI MATERIALS TECHNOLO","Materials","Equity","5,023,008.67","0.17","5,023,008.67","810,720.00","6.20","China","Shenzhen Stock Exchange","CNY"
"600415","ZHEJIANG CHINA COMMODITIES CITY GR","Consumer Discretionary","Equity","5,010,220.98","0.17","5,010,220.98","2,331,900.00","2.15","China","Shanghai Stock Exchange","CNY"
"601868","CHINA ENERGY ENGINEERING CORP LTD","Industrials","Equity","5,002,212.12","0.17","5,002,212.12","13,689,654.00","0.37","China","Shanghai Stock Exchange","CNY"
"600096","YUNNAN YUNTIANHUA LTD A","Materials","Equity","4,977,055.03","0.17","4,977,055.03","764,355.00","6.51","China","Shanghai Stock Exchange","CNY"
"002156","TONGFU MICROELECTRONICS LTD A","Information Technology","Equity","4,968,400.31","0.17","4,968,400.31","650,331.00","7.64","China","Shenzhen Stock Exchange","CNY"
"601825","SHANGHAI RURAL COMMERCIAL BANK LTD","Financials","Equity","4,959,551.01","0.17","4,959,551.01","4,054,033.00","1.22","China","Shanghai Stock Exchange","CNY"
"600703","SANAN OPTOELECTRONICS LTD A","Information Technology","Equity","4,951,574.72","0.17","4,951,574.72","2,093,800.00","2.36","China","Shanghai Stock Exchange","CNY"
"002595","SHANDONG HIMILE MECHANICAL SCIENCE","Industrials","Equity","4,927,364.42","0.17","4,927,364.42","345,800.00","14.25","China","Shenzhen Stock Exchange","CNY"
"603296","HUAQIN TECHNOLOGY LTD A","Information Technology","Equity","4,918,734.82","0.17","4,918,734.82","365,000.00","13.48","China","Shanghai Stock Exchange","CNY"
"601168","WESTERN MINING LTD A","Materials","Equity","4,917,418.10","0.16","4,917,418.10","996,859.00","4.93","China","Shanghai Stock Exchange","CNY"
"002304","JIANGSU YANGHE BREWERY JOINT-STOCK","Consumer Staples","Equity","4,910,592.04","0.16","4,910,592.04","630,935.00","7.78","China","Shenzhen Stock Exchange","CNY"
"600426","SHANDONG HUALU-HENGSHENG CHEMICAL","Materials","Equity","4,868,751.95","0.16","4,868,751.95","905,437.00","5.38","China","Shanghai Stock Exchange","CNY"
"603893","ROCKCHIP ELECTRONICS LTD A","Information Technology","Equity","4,852,268.94","0.16","4,852,268.94","181,729.00","26.70","China","Shanghai Stock Exchange","CNY"
"002648","SATELLITE CHEMICAL LTD A","Materials","Equity","4,816,178.67","0.16","4,816,178.67","1,422,155.00","3.39","China","Shenzhen Stock Exchange","CNY"
"688396","CHINA RESOURCES MICROELECTRONICS L","Information Technology","Equity","4,745,068.02","0.16","4,745,068.02","545,627.00","8.70","China","Shanghai Stock Exchange","CNY"
"000617","CNPC CAPITAL LTD A","Financials","Equity","4,738,489.86","0.16","4,738,489.86","3,602,200.00","1.32","China","Shenzhen Stock Exchange","CNY"
"600958","ORIENT SECURITIES LTD A","Financials","Equity","4,684,302.12","0.16","4,684,302.12","3,166,903.00","1.48","China","Shanghai Stock Exchange","CNY"
"300316","ZHEJIANG JINGSHENG MECHANICAL & EL","Information Technology","Equity","4,654,063.45","0.16","4,654,063.45","571,365.00","8.15","China","Shenzhen Stock Exchange","CNY"
"002920","HUIZHOU DESAY SV AUTOMOTIVE LTD A","Consumer Discretionary","Equity","4,594,383.74","0.15","4,594,383.74","251,310.00","18.28","China","Shenzhen Stock Exchange","CNY"
"688223","JINKO SOLAR LTD A","Information Technology","Equity","4,593,499.25","0.15","4,593,499.25","4,241,269.00","1.08","China","Shanghai Stock Exchange","CNY"
"000938","UNISPLENDOUR CORP LTD A","Information Technology","Equity","4,554,910.98","0.15","4,554,910.98","1,211,185.00","3.76","China","Shenzhen Stock Exchange","CNY"
"300418","KUNLUN TECH LTD A","Communication","Equity","4,529,405.40","0.15","4,529,405.40","543,100.00","8.34","China","Shenzhen Stock Exchange","CNY"
"002558","GIANT NETWORK GROUP LTD A","Communication","Equity","4,508,553.00","0.15","4,508,553.00","821,700.00","5.49","China","Shenzhen Stock Exchange","CNY"
"688249","NEXCHIP SEMICONDUCTOR CORP A","Information Technology","Equity","4,501,847.42","0.15","4,501,847.42","842,471.00","5.34","China","Shanghai Stock Exchange","CNY"
"000933","HENAN SHENHUO COAL & POWER LTD A","Materials","Equity","4,497,307.71","0.15","4,497,307.71","967,600.00","4.65","China","Shenzhen Stock Exchange","CNY"
"600221","HAINAN AIRLINES HOLDING LTD A","Industrials","Equity","4,463,891.94","0.15","4,463,891.94","18,179,200.00","0.25","China","Shanghai Stock Exchange","CNY"
"600039","SICHUAN ROAD & BRIDGE LTD A","Industrials","Equity","4,457,363.98","0.15","4,457,363.98","3,105,539.00","1.44","China","Shanghai Stock Exchange","CNY"
"601958","JINDUICHENG MOLYBDENUM LTD A","Materials","Equity","4,457,522.86","0.15","4,457,522.86","1,367,600.00","3.26","China","Shanghai Stock Exchange","CNY"
"002414","WUHAN GUIDE INFRARED LTD A","Information Technology","Equity","4,420,964.83","0.15","4,420,964.83","1,811,219.00","2.44","China","Shenzhen Stock Exchange","CNY"
"000157","ZOOMLION HEAVY INDUSTRY SCIENCE AN","Industrials","Equity","4,392,668.58","0.15","4,392,668.58","3,005,376.00","1.46","China","Shenzhen Stock Exchange","CNY"
"300803","BEIJING COMPASS TECHNOLOGY DEVELOP","Financials","Equity","4,364,649.05","0.15","4,364,649.05","256,900.00","16.99","China","Shenzhen Stock Exchange","CNY"
"688120","HWATSING TECHNOLOGY LTD A","Information Technology","Equity","4,327,356.08","0.15","4,327,356.08","150,564.00","28.74","China","Shanghai Stock Exchange","CNY"
"601877","ZHEJIANG CHINT ELECTRICS LTD A","Industrials","Equity","4,291,315.75","0.14","4,291,315.75","901,453.00","4.76","China","Shanghai Stock Exchange","CNY"
"600580","WOLONG ELECTRIC DRIVE GROUP LTD A","Industrials","Equity","4,287,413.39","0.14","4,287,413.39","655,500.00","6.54","China","Shanghai Stock Exchange","CNY"
"600988","CHIFENG JILONG GOLD MINING LTD A","Materials","Equity","4,243,178.10","0.14","4,243,178.10","748,800.00","5.67","China","Shanghai Stock Exchange","CNY"
"002074","GOTION HIGH-TECH LTD A","Industrials","Equity","4,208,093.24","0.14","4,208,093.24","756,263.00","5.56","China","Shenzhen Stock Exchange","CNY"
"603228","SHENZHEN KINWONG ELECTRONIC LTD A","Information Technology","Equity","4,204,716.87","0.14","4,204,716.87","415,600.00","10.12","China","Shanghai Stock Exchange","CNY"
"600674","SICHUAN CHUANTOU ENERGY LTD A","Utilities","Equity","4,196,993.94","0.14","4,196,993.94","2,027,895.00","2.07","China","Shanghai Stock Exchange","CNY"
"601838","BANK OF CHENGDU LTD A","Financials","Equity","4,187,871.06","0.14","4,187,871.06","1,769,770.00","2.37","China","Shanghai Stock Exchange","CNY"
"002049","UNIGROUP GUOXIN MICROELECTRONICS L","Information Technology","Equity","4,186,849.63","0.14","4,186,849.63","357,266.00","11.72","China","Shenzhen Stock Exchange","CNY"
"300223","INGENIC SEMICONDUCTOR LTD A","Information Technology","Equity","4,157,205.98","0.14","4,157,205.98","205,200.00","20.26","China","Shenzhen Stock Exchange","CNY"
"002128","INNER MONGOLIA DIAN TOU ENERGY COR","Energy","Equity","4,106,221.40","0.14","4,106,221.40","966,424.00","4.25","China","Shenzhen Stock Exchange","CNY"
"600066","YUTONG BUS LTD A","Industrials","Equity","4,100,828.72","0.14","4,100,828.72","945,000.00","4.34","China","Shanghai Stock Exchange","CNY"
"601788","EVERBRIGHT SECURITIES LTD A","Financials","Equity","4,091,624.97","0.14","4,091,624.97","1,684,361.00","2.43","China","Shanghai Stock Exchange","CNY"
"688469","UNITED NOVA TECHNOLOGY LTD A","Information Technology","Equity","4,056,858.51","0.14","4,056,858.51","3,544,855.00","1.14","China","Shanghai Stock Exchange","CNY"
"600011","HUANENG POWER INTERNATIONAL INC A","Utilities","Equity","4,044,596.38","0.14","4,044,596.38","3,903,007.00","1.04","China","Shanghai Stock Exchange","CNY"
"600233","YTO EXPRESS GROUP LTD A","Industrials","Equity","4,005,423.85","0.13","4,005,423.85","1,481,314.00","2.70","China","Shanghai Stock Exchange","CNY"
"601916","CHINA ZHESHANG BANK LTD A","Financials","Equity","3,984,726.11","0.13","3,984,726.11","9,179,360.00","0.43","China","Shanghai Stock Exchange","CNY"
"688036","SHENZHEN TRANSSION HOLDINGS LTD A","Information Technology","Equity","3,980,130.51","0.13","3,980,130.51","471,782.00","8.44","China","Shanghai Stock Exchange","CNY"
"688183","SHENGYI ELECTRONICS LTD A","Information Technology","Equity","3,969,716.32","0.13","3,969,716.32","299,119.00","13.27","China","Shanghai Stock Exchange","CNY"
"601901","FOUNDER SECURITIES LTD A","Financials","Equity","3,924,525.11","0.13","3,924,525.11","3,496,200.00","1.12","China","Shanghai Stock Exchange","CNY"
"000831","CHINA RARE EARTH RESOURCES AND TEC","Materials","Equity","3,914,245.80","0.13","3,914,245.80","443,900.00","8.82","China","Shenzhen Stock Exchange","CNY"
"000963","HUADONG MEDICINE LTD A","Health Care","Equity","3,904,068.32","0.13","3,904,068.32","747,575.00","5.22","China","Shenzhen Stock Exchange","CNY"
"002236","ZHEJIANG DAHUA TECHNOLOGY LTD A","Information Technology","Equity","3,899,107.01","0.13","3,899,107.01","1,385,094.00","2.82","China","Shenzhen Stock Exchange","CNY"
"003816","CGN POWER LTD A","Utilities","Equity","3,886,940.85","0.13","3,886,940.85","6,784,100.00","0.57","China","Shenzhen Stock Exchange","CNY"
"688777","SUPCON TECHNOLOGY LTD A","Information Technology","Equity","3,884,017.93","0.13","3,884,017.93","335,823.00","11.57","China","Shanghai Stock Exchange","CNY"
"600895","SHANGHAI ZHANGJIANG HI-TECH PARK D","Real Estate","Equity","3,849,549.23","0.13","3,849,549.23","642,700.00","5.99","China","Shanghai Stock Exchange","CNY"
"603659","SHANGHAI PUTAILAI NEW ENERGY TECHN","Materials","Equity","3,826,367.14","0.13","3,826,367.14","915,358.00","4.18","China","Shanghai Stock Exchange","CNY"
"600741","HUAYU AUTOMOTIVE SYSTEMS LTD A","Consumer Discretionary","Equity","3,826,510.39","0.13","3,826,510.39","1,340,513.00","2.85","China","Shanghai Stock Exchange","CNY"
"002281","ACCELINK TECHNOLOGIES LTD A","Information Technology","Equity","3,826,065.50","0.13","3,826,065.50","347,500.00","11.01","China","Shenzhen Stock Exchange","CNY"
"002064","HUAFON CHEMICAL LTD A","Materials","Equity","3,798,747.10","0.13","3,798,747.10","2,075,900.00","1.83","China","Shenzhen Stock Exchange","CNY"
"688047","LOONGSON TECHNOLOGY CORP LTD A","Information Technology","Equity","3,768,299.97","0.13","3,768,299.97","163,851.00","23.00","China","Shanghai Stock Exchange","CNY"
"688126","NATIONAL SILICON INDUSTRY GROUP LT","Information Technology","Equity","3,715,445.48","0.12","3,715,445.48","1,159,158.00","3.21","China","Shanghai Stock Exchange","CNY"
"688122","WESTERN SUPERCONDUCTING TECHNOLOGI","Materials","Equity","3,671,314.27","0.12","3,671,314.27","289,116.00","12.70","China","Shanghai Stock Exchange","CNY"
"601377","INDUSTRIAL SECURITIES LTD A","Financials","Equity","3,645,668.89","0.12","3,645,668.89","3,695,250.00","0.99","China","Shanghai Stock Exchange","CNY"
"600021","SHANGHAI ELECTRIC POWER LTD A","Utilities","Equity","3,641,996.54","0.12","3,641,996.54","1,191,100.00","3.06","China","Shanghai Stock Exchange","CNY"
"600023","ZHEJIANG ZHENENG ELECTRIC POWER LT","Utilities","Equity","3,607,011.30","0.12","3,607,011.30","4,755,000.00","0.76","China","Shanghai Stock Exchange","CNY"
"300251","BEIJING ENLIGHT MEDIA LTD A","Communication","Equity","3,606,079.97","0.12","3,606,079.97","1,242,300.00","2.90","China","Shenzhen Stock Exchange","CNY"
"601077","CHONGQING RURAL COMMERCIAL BANK LT","Financials","Equity","3,556,944.07","0.12","3,556,944.07","3,732,500.00","0.95","China","Shanghai Stock Exchange","CNY"
"601633","GREAT WALL MOTOR LTD A","Consumer Discretionary","Equity","3,555,128.52","0.12","3,555,128.52","1,169,398.00","3.04","China","Shanghai Stock Exchange","CNY"
"000708","CITIC PACIFIC SPECIAL STEEL GROUP","Materials","Equity","3,536,770.87","0.12","3,536,770.87","1,396,300.00","2.53","China","Shenzhen Stock Exchange","CNY"
"601618","METALLURGICAL CORP OF CHINA LTD A","Industrials","Equity","3,536,235.73","0.12","3,536,235.73","7,656,398.00","0.46","China","Shanghai Stock Exchange","CNY"
"600196","SHANGHAI FOSUN PHARMACEUTICAL (GRO","Health Care","Equity","3,506,028.66","0.12","3,506,028.66","904,849.00","3.87","China","Shanghai Stock Exchange","CNY"
"600570","HUNDSUN TECHNOLOGIES INC A","Information Technology","Equity","3,494,851.32","0.12","3,494,851.32","801,041.00","4.36","China","Shanghai Stock Exchange","CNY"
"601117","CHINA NATIONAL CHEMICAL ENGINEERIN","Industrials","Equity","3,427,420.49","0.11","3,427,420.49","2,628,893.00","1.30","China","Shanghai Stock Exchange","CNY"
"001965","CHINA MERCHANTS EXPRESSWAY NETWORK","Industrials","Equity","3,382,254.22","0.11","3,382,254.22","2,402,981.00","1.41","China","Shenzhen Stock Exchange","CNY"
"601021","SPRING AIRLINES LTD A","Industrials","Equity","3,380,026.44","0.11","3,380,026.44","416,300.00","8.12","China","Shanghai Stock Exchange","CNY"
"002555","37 INTERACTIVE ENTERTAINMENT NETWO","Communication","Equity","3,348,081.36","0.11","3,348,081.36","943,059.00","3.55","China","Shenzhen Stock Exchange","CNY"
"600352","ZHEJIANG LONGSHENG GROUP LTD A","Materials","Equity","3,338,460.48","0.11","3,338,460.48","1,391,900.00","2.40","China","Shanghai Stock Exchange","CNY"
"300115","SHENZHEN EVERWIN PRECISION TECHNOL","Information Technology","Equity","3,338,216.54","0.11","3,338,216.54","575,300.00","5.80","China","Shenzhen Stock Exchange","CNY"
"600460","HANGZHOU SILAN MICROELECTRONICS LT","Information Technology","Equity","3,314,602.20","0.11","3,314,602.20","696,708.00","4.76","China","Shanghai Stock Exchange","CNY"
"002294","SHENZHEN SALUBRIS PHARMACEUTICALS","Health Care","Equity","3,297,553.77","0.11","3,297,553.77","469,243.00","7.03","China","Shenzhen Stock Exchange","CNY"
"002601","LB GROUP LTD A","Materials","Equity","3,287,239.64","0.11","3,287,239.64","994,281.00","3.31","China","Shenzhen Stock Exchange","CNY"
"300919","CNGR ADVANCED MATERIAL LTD A","Industrials","Equity","3,282,012.09","0.11","3,282,012.09","398,560.00","8.23","China","Shenzhen Stock Exchange","CNY"
"688187","ZHUZHOU CRRC TIMES ELECTRIC LTD A","Industrials","Equity","3,276,833.14","0.11","3,276,833.14","373,284.00","8.78","China","Shanghai Stock Exchange","CNY"
"688472","CSI SOLAR LTD A","Information Technology","Equity","3,268,950.81","0.11","3,268,950.81","1,547,786.00","2.11","China","Shanghai Stock Exchange","CNY"
"601058","SAILUN GROUP LTD A","Consumer Discretionary","Equity","3,268,533.60","0.11","3,268,533.60","1,419,851.00","2.30","China","Shanghai Stock Exchange","CNY"
"000066","CHINA GREATWALL TECHNOLOGY GROUP L","Information Technology","Equity","3,253,295.06","0.11","3,253,295.06","1,363,037.00","2.39","China","Shenzhen Stock Exchange","CNY"
"601777","CHONGQING QIANLI TECHNOLOGY LTD A","Consumer Discretionary","Equity","3,232,907.12","0.11","3,232,907.12","1,913,400.00","1.69","China","Shanghai Stock Exchange","CNY"
"600845","SHANGHAI BAOSIGHT SOFTWARE LTD A","Information Technology","Equity","3,224,600.80","0.11","3,224,600.80","912,410.00","3.53","China","Shanghai Stock Exchange","CNY"
"300866","ANKER INNOVATIONS TECHNOLOGY LTD A","Information Technology","Equity","3,211,728.17","0.11","3,211,728.17","224,890.00","14.28","China","Shenzhen Stock Exchange","CNY"
"600803","ENN NATURAL GAS LTD A","Utilities","Equity","3,187,188.49","0.11","3,187,188.49","1,101,875.00","2.89","China","Shanghai Stock Exchange","CNY"
"600733","BAIC BLUEPARK NEW ENERGY TECHNOLOG","Consumer Discretionary","Equity","3,145,108.44","0.11","3,145,108.44","2,699,900.00","1.16","China","Shanghai Stock Exchange","CNY"
"600143","KINGFA SCI&TECH LTD A","Materials","Equity","3,137,419.97","0.11","3,137,419.97","1,118,000.00","2.81","China","Shanghai Stock Exchange","CNY"
"688303","XINJIANG DAQO NEW ENERGY LTD A","Information Technology","Equity","3,130,368.53","0.11","3,130,368.53","898,756.00","3.48","China","Shanghai Stock Exchange","CNY"
"601216","INNER MONGOLIA JUNZHENG ENERGY & C","Materials","Equity","3,128,032.09","0.10","3,128,032.09","3,609,000.00","0.87","China","Shanghai Stock Exchange","CNY"
"002185","TIANSHUI HUATIAN TECHNOLOGY LTD A","Information Technology","Equity","3,125,507.17","0.10","3,125,507.17","1,414,292.00","2.21","China","Shenzhen Stock Exchange","CNY"
"600918","ZHONGTAI SECURITIES LTD A","Financials","Equity","3,125,020.91","0.10","3,125,020.91","3,361,756.00","0.93","China","Shanghai Stock Exchange","CNY"
"603260","HOSHINE SILICON INDUSTRY LTD A","Materials","Equity","3,123,575.66","0.10","3,123,575.66","417,400.00","7.48","China","Shanghai Stock Exchange","CNY"
"000596","ANHUI GUJING DISTILLERY LTD A","Consumer Staples","Equity","3,098,622.93","0.10","3,098,622.93","175,498.00","17.66","China","Shenzhen Stock Exchange","CNY"
"600027","HUADIAN POWER INTERNATIONAL CORP L","Utilities","Equity","3,094,726.65","0.10","3,094,726.65","4,251,707.00","0.73","China","Shanghai Stock Exchange","CNY"
"688347","HUA HONG SEMICONDUCTOR LTD A","Information Technology","Equity","3,094,257.66","0.10","3,094,257.66","164,455.00","18.82","China","Shanghai Stock Exchange","CNY"
"688506","SICHUAN BIOKIN PHARMACEUTICAL LTD","Health Care","Equity","3,077,051.56","0.10","3,077,051.56","76,236.00","40.36","China","Shanghai Stock Exchange","CNY"
"002340","GEM LTD A","Industrials","Equity","3,076,621.45","0.10","3,076,621.45","2,190,388.00","1.40","China","Shenzhen Stock Exchange","CNY"
"600061","SDIC CAPITAL LTD A","Financials","Equity","3,026,938.22","0.10","3,026,938.22","2,776,100.00","1.09","China","Shanghai Stock Exchange","CNY"
"000999","CHINA RESOURCES SANJIU MEDICAL AND","Health Care","Equity","3,000,446.35","0.10","3,000,446.35","715,028.00","4.20","China","Shenzhen Stock Exchange","CNY"
"000786","BEIJING NEW BUILDING MATERIALS PUB","Industrials","Equity","2,996,090.49","0.10","2,996,090.49","725,616.00","4.13","China","Shenzhen Stock Exchange","CNY"
"002422","SICHUAN KELUN PHARMACEUTICAL LTD A","Health Care","Equity","2,995,297.72","0.10","2,995,297.72","672,350.00","4.45","China","Shenzhen Stock Exchange","CNY"
"300628","YEALINK NETWORK TECHNOLOGY LTD A","Information Technology","Equity","2,994,293.89","0.10","2,994,293.89","544,850.00","5.50","China","Shenzhen Stock Exchange","CNY"
"002517","KINGNET NETWORK LTD A","Communication","Equity","2,986,067.40","0.10","2,986,067.40","907,600.00","3.29","China","Shenzhen Stock Exchange","CNY"
"601607","SHANGHAI PHARMACEUTICALS HOLDING L","Health Care","Equity","2,985,917.49","0.10","2,985,917.49","1,186,356.00","2.52","China","Shanghai Stock Exchange","CNY"
"601238","GUANGZHOU AUTOMOBILE GROUP LTD A","Consumer Discretionary","Equity","2,980,585.22","0.10","2,980,585.22","2,549,071.00","1.17","China","Shanghai Stock Exchange","CNY"
"600588","YONYOU NETWORK TECHNOLOGY LTD A","Information Technology","Equity","2,979,166.46","0.10","2,979,166.46","1,461,137.00","2.04","China","Shanghai Stock Exchange","CNY"
"600515","HAINAN AIRPORT INFRASTRUCTURE LTD","Real Estate","Equity","2,972,124.87","0.10","2,972,124.87","4,773,400.00","0.62","China","Shanghai Stock Exchange","CNY"
"603806","HANGZHOU FIRST APPLIED MATERIAL LT","Information Technology","Equity","2,957,038.17","0.10","2,957,038.17","1,139,159.00","2.60","China","Shanghai Stock Exchange","CNY"
"002078","SHANDONG SUNPAPER LTD A","Materials","Equity","2,955,136.55","0.10","2,955,136.55","1,160,646.00","2.55","China","Shenzhen Stock Exchange","CNY"
"603568","ZHEJIANG WEIMING ENVIRONMENT PROTE","Industrials","Equity","2,953,983.24","0.10","2,953,983.24","722,580.00","4.09","China","Shanghai Stock Exchange","CNY"
"601878","ZHESHANG SECURITIES LTD A","Financials","Equity","2,949,470.82","0.10","2,949,470.82","1,901,950.00","1.55","China","Shanghai Stock Exchange","CNY"
"601991","DATANG INTERNATIONAL POWER GENERAT","Utilities","Equity","2,922,338.47","0.10","2,922,338.47","5,139,860.00","0.57","China","Shanghai Stock Exchange","CNY"
"000002","CHINA VANKE LTD A","Real Estate","Equity","2,915,773.81","0.10","2,915,773.81","4,138,826.00","0.70","China","Shenzhen Stock Exchange","CNY"
"300207","SUNWODA ELECTRONIC LTD A","Industrials","Equity","2,904,434.93","0.10","2,904,434.93","782,345.00","3.71","China","Shenzhen Stock Exchange","CNY"
"301269","EMPYREAN TECHNOLOGY LTD A","Information Technology","Equity","2,886,582.42","0.10","2,886,582.42","194,902.00","14.81","China","Shenzhen Stock Exchange","CNY"
"601555","SOOCHOW SECURITIES CO LTD A","Financials","Equity","2,881,776.51","0.10","2,881,776.51","2,122,340.00","1.36","China","Shanghai Stock Exchange","CNY"
"600600","TSINGTAO BREWERY LTD A","Consumer Staples","Equity","2,823,113.63","0.09","2,823,113.63","308,944.00","9.14","China","Shanghai Stock Exchange","CNY"
"301236","ISOFTSTONE INFORMATION TECHNOLOGY","Information Technology","Equity","2,818,932.87","0.09","2,818,932.87","407,750.00","6.91","China","Shenzhen Stock Exchange","CNY"
"000932","HUNAN VALIN STEEL LTD A","Materials","Equity","2,804,101.02","0.09","2,804,101.02","2,893,680.00","0.97","China","Shenzhen Stock Exchange","CNY"
"300765","CSPC INNOVATION PHARMACEUTICAL LTD","Health Care","Equity","2,793,085.22","0.09","2,793,085.22","581,373.00","4.80","China","Shenzhen Stock Exchange","CNY"
"601198","DONGXING SECURITIES CORP LTD A","Financials","Equity","2,792,902.03","0.09","2,792,902.03","1,363,917.00","2.05","China","Shanghai Stock Exchange","CNY"
"300413","MANGO EXCELLENT MEDIA LTD A","Communication","Equity","2,792,292.67","0.09","2,792,292.67","781,682.00","3.57","China","Shenzhen Stock Exchange","CNY"
"600839","SICHUAN CHANGHONG ELECTRIC LTD A","Consumer Discretionary","Equity","2,790,877.10","0.09","2,790,877.10","1,930,700.00","1.45","China","Shanghai Stock Exchange","CNY"
"688188","SHANGHAI FRIENDESS ELECTRONICS TEC","Information Technology","Equity","2,785,224.71","0.09","2,785,224.71","124,143.00","22.44","China","Shanghai Stock Exchange","CNY"
"601799","CHANGZHOU XINGYU AUTOMOTIVE LIGHTI","Consumer Discretionary","Equity","2,771,025.58","0.09","2,771,025.58","124,606.00","22.24","China","Shanghai Stock Exchange","CNY"
"002653","HAISCO PHARMACEUTICAL GROUP LTD A","Health Care","Equity","2,743,589.84","0.09","2,743,589.84","399,300.00","6.87","China","Shenzhen Stock Exchange","CNY"
"300748","JL MAG RARE-EARTH LTD A","Industrials","Equity","2,736,490.39","0.09","2,736,490.39","476,400.00","5.74","China","Shenzhen Stock Exchange","CNY"
"300661","SG MICRO CORP A","Information Technology","Equity","2,689,871.34","0.09","2,689,871.34","262,159.00","10.26","China","Shenzhen Stock Exchange","CNY"
"000783","CHANGJIANG SECURITIES LTD A","Financials","Equity","2,679,653.78","0.09","2,679,653.78","2,326,606.00","1.15","China","Shenzhen Stock Exchange","CNY"
"300759","PHARMARON BEIJING LTD A","Health Care","Equity","2,657,144.97","0.09","2,657,144.97","615,425.00","4.32","China","Shenzhen Stock Exchange","CNY"
"300896","IMEIK TECHNOLOGY DEVELOPMENT LTD A","Health Care","Equity","2,655,086.72","0.09","2,655,086.72","126,890.00","20.92","China","Shenzhen Stock Exchange","CNY"
"688082","ACM RESEARCH (SHANGHAI) INC A","Information Technology","Equity","2,651,116.92","0.09","2,651,116.92","96,764.00","27.40","China","Shanghai Stock Exchange","CNY"
"600085","BEIJING TONGRENTANG LTD A","Health Care","Equity","2,647,821.80","0.09","2,647,821.80","592,409.00","4.47","China","Shanghai Stock Exchange","CNY"
"002252","SHANGHAI RAAS BLOOD PRODUCTS LTD A","Health Care","Equity","2,636,097.60","0.09","2,636,097.60","2,862,802.00","0.92","China","Shenzhen Stock Exchange","CNY"
"601456","GUOLIAN MINSHENG SECURITIES LTD A","Financials","Equity","2,631,872.74","0.09","2,631,872.74","1,839,300.00","1.43","China","Shanghai Stock Exchange","CNY"
"600745","WINGTECH TECHNOLOGY LTD A","Information Technology","Equity","2,625,706.69","0.09","2,625,706.69","533,073.00","4.93","China","Shanghai Stock Exchange","CNY"
"000564","CCOOP GROUP LTD A","Consumer Discretionary","Equity","2,616,738.28","0.09","2,616,738.28","7,784,000.00","0.34","China","Shenzhen Stock Exchange","CNY"
"600642","SHENERGY LTD A","Utilities","Equity","2,610,271.41","0.09","2,610,271.41","2,118,500.00","1.23","China","Shanghai Stock Exchange","CNY"
"603392","BEIJING WANTAI BIOLOGICAL PHARMACY","Health Care","Equity","2,603,727.92","0.09","2,603,727.92","440,618.00","5.91","China","Shanghai Stock Exchange","CNY"
"688009","CHINA RAILWAY SIGNAL & COMMUNICATI","Information Technology","Equity","2,591,138.75","0.09","2,591,138.75","3,088,511.00","0.84","China","Shanghai Stock Exchange","CNY"
"601699","SHANXI LUAN ENVIRONMENTAL ENERGY D","Energy","Equity","2,591,101.18","0.09","2,591,101.18","1,251,963.00","2.07","China","Shanghai Stock Exchange","CNY"
"688599","TRINA SOLAR LTD A","Information Technology","Equity","2,587,205.34","0.09","2,587,205.34","918,109.00","2.82","China","Shanghai Stock Exchange","CNY"
"601162","TIANFENG SECURITIES LTD A","Financials","Equity","2,562,176.17","0.09","2,562,176.17","4,307,100.00","0.59","China","Shanghai Stock Exchange","CNY"
"300782","MAXSCEND MICROELECTRONICS LTD A","Information Technology","Equity","2,547,416.25","0.09","2,547,416.25","227,146.00","11.21","China","Shenzhen Stock Exchange","CNY"
"603486","ECOVACS ROBOTICS LTD A","Consumer Discretionary","Equity","2,543,740.49","0.09","2,543,740.49","244,882.00","10.39","China","Shanghai Stock Exchange","CNY"
"300832","SHENZHEN NEW INDUSTRIES BIOMEDICAL","Health Care","Equity","2,508,598.61","0.08","2,508,598.61","330,700.00","7.59","China","Shenzhen Stock Exchange","CNY"
"601577","BANK OF CHANGSHA LTD A","Financials","Equity","2,503,702.18","0.08","2,503,702.18","1,746,160.00","1.43","China","Shanghai Stock Exchange","CNY"
"300122","CHONGQING ZHIFEI BIOLOGICAL PRODUC","Health Care","Equity","2,500,319.34","0.08","2,500,319.34","992,843.00","2.52","China","Shenzhen Stock Exchange","CNY"
"000661","CHANGCHUN HIGH & NEW TECHNOLOGY IN","Health Care","Equity","2,489,263.64","0.08","2,489,263.64","172,904.00","14.40","China","Shenzhen Stock Exchange","CNY"
"603369","JIANGSU KINGS LUCK BREWERY LTD A","Consumer Staples","Equity","2,483,429.07","0.08","2,483,429.07","539,915.00","4.60","China","Shanghai Stock Exchange","CNY"
"002129","TCL ZHONGHUAN RENEWABLE ENERGY TEC","Information Technology","Equity","2,482,079.63","0.08","2,482,079.63","1,656,770.00","1.50","China","Shenzhen Stock Exchange","CNY"
"603606","NINGBO ORIENT WIRES & CABLES LTD A","Industrials","Equity","2,481,882.00","0.08","2,481,882.00","281,601.00","8.81","China","Shanghai Stock Exchange","CNY"
"600536","CHINA NATIONAL SOFTWARE & SERVICE","Information Technology","Equity","2,478,836.45","0.08","2,478,836.45","386,590.00","6.41","China","Shanghai Stock Exchange","CNY"
"603195","GONEO GROUP LTD A","Industrials","Equity","2,476,671.23","0.08","2,476,671.23","384,325.00","6.44","China","Shanghai Stock Exchange","CNY"
"ICSUAGD","BLK ICS USD LIQ AGENCY DIS","Cash and/or Derivatives","Money Market","2,466,719.41","0.08","2,466,719.41","2,466,719.00","1.00","Ireland","-","USD"
"000983","SHANXI COKING COAL ENERGY GROUP LT","Energy","Equity","2,458,511.89","0.08","2,458,511.89","2,352,538.00","1.05","China","Shenzhen Stock Exchange","CNY"
"300339","JIANGSU HOPERUN SOFTWARE LTD A","Information Technology","Equity","2,448,855.56","0.08","2,448,855.56","342,000.00","7.16","China","Shenzhen Stock Exchange","CNY"
"002939","CHINA GREATWALL SECURITIES LTD A","Financials","Equity","2,445,333.33","0.08","2,445,333.33","1,707,192.00","1.43","China","Shenzhen Stock Exchange","CNY"
"601696","BOC INTERNATIONAL (CHINA) LTD A","Financials","Equity","2,444,222.65","0.08","2,444,222.65","1,175,185.00","2.08","China","Shanghai Stock Exchange","CNY"
"688578","SHANGHAI ALLIST PHARMACEUTICALS LT","Health Care","Equity","2,433,522.09","0.08","2,433,522.09","179,550.00","13.55","China","Shanghai Stock Exchange","CNY"
"002459","JA SOLAR TECHNOLOGY LTD A","Information Technology","Equity","2,431,025.15","0.08","2,431,025.15","1,387,205.00","1.75","China","Shenzhen Stock Exchange","CNY"
"601933","YONGHUI SUPERSTORES LTD A","Consumer Staples","Equity","2,426,203.62","0.08","2,426,203.62","3,915,000.00","0.62","China","Shanghai Stock Exchange","CNY"
"601108","CAITONG SECURITIES LTD A","Financials","Equity","2,421,547.58","0.08","2,421,547.58","1,917,563.00","1.26","China","Shanghai Stock Exchange","CNY"
"000876","NEW HOPE LIUHE LTD A","Consumer Staples","Equity","2,386,732.71","0.08","2,386,732.71","1,892,184.00","1.26","China","Shenzhen Stock Exchange","CNY"
"600009","SHANGHAI INTERNATIONAL AIRPORT LTD","Industrials","Equity","2,380,424.14","0.08","2,380,424.14","534,155.00","4.46","China","Shanghai Stock Exchange","CNY"
"688099","AMLOGIC (SHANGHAI) LTD A","Information Technology","Equity","2,375,110.43","0.08","2,375,110.43","167,233.00","14.20","China","Shanghai Stock Exchange","CNY"
"002223","JIANGSU YUYUE MEDICAL EQUIPMENT &","Health Care","Equity","2,373,862.30","0.08","2,373,862.30","426,174.00","5.57","China","Shenzhen Stock Exchange","CNY"
"600157","WINTIME ENERGY GROUP LTD A","Utilities","Equity","2,349,706.65","0.08","2,349,706.65","9,401,300.00","0.25","China","Shanghai Stock Exchange","CNY"
"603160","SHENZHEN GOODIX TECHNOLOGY LTD A","Information Technology","Equity","2,328,884.20","0.08","2,328,884.20","202,000.00","11.53","China","Shanghai Stock Exchange","CNY"
"600985","HUAIBEI MINING HOLDINGS LTD A","Materials","Equity","2,299,288.34","0.08","2,299,288.34","1,173,100.00","1.96","China","Shanghai Stock Exchange","CNY"
"600256","GUANGHUI ENERGY LTD A","Energy","Equity","2,282,060.34","0.08","2,282,060.34","2,715,374.00","0.84","China","Shanghai Stock Exchange","CNY"
"600298","ANGEL YEAST LTD A","Consumer Staples","Equity","2,278,446.27","0.08","2,278,446.27","365,331.00","6.24","China","Shanghai Stock Exchange","CNY"
"688728","GALAXYCORE INC A","Information Technology","Equity","2,272,812.94","0.08","2,272,812.94","919,582.00","2.47","China","Shanghai Stock Exchange","CNY"
"600332","GUANGZHOU BAIYUNSHAN PHARMACEUTICA","Health Care","Equity","2,250,801.50","0.08","2,250,801.50","610,608.00","3.69","China","Shanghai Stock Exchange","CNY"
"002966","BANK OF SUZHOU LTD A","Financials","Equity","2,248,629.01","0.08","2,248,629.01","1,897,000.00","1.19","China","Shenzhen Stock Exchange","CNY"
"601567","NINGBO SANXING MEDICAL ELECTRIC LT","Industrials","Equity","2,244,374.86","0.08","2,244,374.86","578,800.00","3.88","China","Shanghai Stock Exchange","CNY"
"688538","EVERDISPLAY OPTRONICS (SHANGHAI) L","Information Technology","Equity","2,209,922.83","0.07","2,209,922.83","5,860,407.00","0.38","China","Shanghai Stock Exchange","CNY"
"688169","BEIJING ROBOROCK TECHNOLOGY LTD A","Consumer Discretionary","Equity","2,198,464.72","0.07","2,198,464.72","103,520.00","21.24","China","Shanghai Stock Exchange","CNY"
"000728","GUOYUAN SECURITIES LTD A","Financials","Equity","2,191,278.69","0.07","2,191,278.69","1,801,958.00","1.22","China","Shenzhen Stock Exchange","CNY"
"000729","BEIJING YANJING BREWERY LTD A","Consumer Staples","Equity","2,182,166.09","0.07","2,182,166.09","1,186,800.00","1.84","China","Shenzhen Stock Exchange","CNY"
"002673","WESTERN SECURITIES CO LTD A","Financials","Equity","2,130,064.72","0.07","2,130,064.72","1,849,426.00","1.15","China","Shenzhen Stock Exchange","CNY"
"601136","CAPITAL SECURITIES CORP LTD A","Financials","Equity","2,093,392.96","0.07","2,093,392.96","781,800.00","2.68","China","Shanghai Stock Exchange","CNY"
"002085","ZHEJIANG WANFENG AUTO WHEEL LTD A","Consumer Discretionary","Equity","2,090,091.05","0.07","2,090,091.05","869,300.00","2.40","China","Shenzhen Stock Exchange","CNY"
"600109","SINOLINK SECURITIES LTD A","Financials","Equity","2,082,631.90","0.07","2,082,631.90","1,564,100.00","1.33","China","Shanghai Stock Exchange","CNY"
"002456","O FILM TECH LTD A","Information Technology","Equity","2,076,988.50","0.07","2,076,988.50","1,453,000.00","1.43","China","Shenzhen Stock Exchange","CNY"
"688608","BESTECHNIC (SHANGHAI) LTD A","Information Technology","Equity","2,051,907.14","0.07","2,051,907.14","67,274.00","30.50","China","Shanghai Stock Exchange","CNY"
"600177","YOUNGOR FASHION LTD A","Real Estate","Equity","2,041,935.21","0.07","2,041,935.21","1,924,313.00","1.06","China","Shanghai Stock Exchange","CNY"
"600161","BEIJING TIANTAN BIOLOGICAL PRODUCT","Health Care","Equity","1,988,022.18","0.07","1,988,022.18","820,860.00","2.42","China","Shanghai Stock Exchange","CNY"
"601865","FLAT GLASS GROUP LTD A","Information Technology","Equity","1,950,954.64","0.07","1,950,954.64","796,898.00","2.45","China","Shanghai Stock Exchange","CNY"
"688617","APT MEDICAL INC A","Health Care","Equity","1,847,984.44","0.06","1,847,984.44","55,576.00","33.25","China","Shanghai Stock Exchange","CNY"
"300347","HANGZHOU TIGERMED CONSULTING LTD A","Health Care","Equity","1,368,151.72","0.05","1,368,151.72","154,721.00","8.84","China","Shenzhen Stock Exchange","CNY"
"CITFT","CASH COLLATERAL USD CITFT","Cash and/or Derivatives","Cash Collateral and Margins","381,000.00","0.01","381,000.00","381,000.00","100.00","United States","-","USD"
"EUR","EUR CASH","Cash and/or Derivatives","Cash","151,770.08","0.01","151,770.08","128,635.00","117.98","European Union","-","EUR"
"CNH","CNH/USD","Cash and/or Derivatives","FX","13,546.66","0.00","13,546.66","51,354,617.00","1.00","United States","-","USD"
"CNY","CNY CASH","Cash and/or Derivatives","Cash","0.02","0.00","0.02","0.00","14.62","China","-","CNY"
"-","KANGMEI PHARMACEUTICAL RIGHTS OF I","Health Care","Equity","0.10","0.00","0.10","69,439.00","0.00","China","NO MARKET (E.G. UNLISTED)","CNH"
"XUH6","FTSE CHINA A50 MAR 26","Cash and/or Derivatives","Futures","0.00","0.00","4,921,056.00","336.00","14,646.00","China","Singapore Exchange Derivatives Clearing Limited","USD"
"CNH","CNH CASH","Cash and/or Derivatives","Cash","-2,846,789.06","-0.10","-2,846,789.06","-19,477,161.00","14.62","China","-","CNH"
 