Fund Holdings as of,"31/Dec/2024"
 
Ticker,Name,Sector,Asset Class,Market Value,Weight (%),Notional Value,Shares,Price,Location,Exchange,Market Currency
"ASML","ASML HOLDING NV","Information Technology","Equity","99,787,903.60","3.06","99,787,903.60","147,028.00","678.70","Netherlands","Euronext Amsterdam","EUR"
"NOVO B","NOVO NORDISK CLASS B","Health Care","Equity","99,221,447.46","3.04","99,221,447.46","1,185,389.00","83.70","Denmark","Omx Nordic Exchange Copenhagen A/S","DKK"
"SAP","SAP","Information Technology","Equity","90,808,435.90","2.78","90,808,435.90","384,293.00","236.30","Germany","Xetra","EUR"
"AZN","ASTRAZENECA PLC","Health Care","Equity","72,365,474.54","2.22","72,365,474.54","571,577.00","126.61","United Kingdom","London Stock Exchange","GBP"
"ROG","ROCHE HOLDING PAR AG","Health Care","Equity","70,362,689.49","2.16","70,362,689.49","258,434.00","272.27","Switzerland","SIX Swiss Exchange","CHF"
"NOVN","NOVARTIS AG","Health Care","Equity","68,656,396.36","2.10","68,656,396.36","726,366.00","94.52","Switzerland","SIX Swiss Exchange","CHF"
"SHEL","SHELL PLC","Energy","Equity","68,386,126.38","2.09","68,386,126.38","2,283,623.00","29.95","United Kingdom","London Stock Exchange","GBP"
"MC","LVMH","Consumer Discretionary","Equity","64,270,021.50","1.97","64,270,021.50","101,133.00","635.50","France","Nyse Euronext - Euronext Paris","EUR"
"HSBA","HSBC HOLDINGS PLC","Financials","Equity","63,646,537.44","1.95","63,646,537.44","6,701,102.00","9.50","United Kingdom","London Stock Exchange","GBP"
"SIE","SIEMENS N AG","Industrials","Equity","52,746,454.48","1.62","52,746,454.48","279,733.00","188.56","Germany","Xetra","EUR"
"SU","SCHNEIDER ELECTRIC","Industrials","Equity","48,563,271.90","1.49","48,563,271.90","201,591.00","240.90","France","Nyse Euronext - Euronext Paris","EUR"
"ALV","ALLIANZ","Financials","Equity","42,587,111.60","1.30","42,587,111.60","143,924.00","295.90","Germany","Xetra","EUR"
"TTE","TOTALENERGIES","Energy","Equity","42,465,281.49","1.30","42,465,281.49","795,677.00","53.37","France","Nyse Euronext - Euronext Paris","EUR"
"SAN","SANOFI SA","Health Care","Equity","39,393,953.78","1.21","39,393,953.78","420,247.00","93.74","France","Nyse Euronext - Euronext Paris","EUR"
"DTE","DEUTSCHE TELEKOM N AG","Communication","Equity","37,184,087.88","1.14","37,184,087.88","1,287,092.00","28.89","Germany","Xetra","EUR"
"UBSG","UBS GROUP AG","Financials","Equity","35,732,776.70","1.09","35,732,776.70","1,209,247.00","29.55","Switzerland","SIX Swiss Exchange","CHF"
"AI","LAIR LIQUIDE SOCIETE ANONYME POUR","Materials","Equity","33,449,224.12","1.02","33,449,224.12","213,161.00","156.92","France","Nyse Euronext - Euronext Paris","EUR"
"ZURN","ZURICH INSURANCE GROUP AG","Financials","Equity","30,826,978.32","0.94","30,826,978.32","53,691.00","574.16","Switzerland","SIX Swiss Exchange","CHF"
"ABBN","ABB LTD","Industrials","Equity","30,494,641.74","0.93","30,494,641.74","583,184.00","52.29","Switzerland","SIX Swiss Exchange","CHF"
"OR","LOREAL SA","Consumer Staples","Equity","30,198,003.45","0.92","30,198,003.45","88,337.00","341.85","France","Nyse Euronext - Euronext Paris","EUR"
"REL","RELX PLC","Industrials","Equity","30,093,821.25","0.92","30,093,821.25","685,642.00","43.89","United Kingdom","London Stock Exchange","GBP"
"IBE","IBERDROLA SA","Utilities","Equity","30,003,696.10","0.92","30,003,696.10","2,255,917.00","13.30","Spain","Bolsa De Madrid","EUR"
"RMS","HERMES INTERNATIONAL","Consumer Discretionary","Equity","27,102,384.00","0.83","27,102,384.00","11,672.00","2,322.00","France","Nyse Euronext - Euronext Paris","EUR"
"EL","ESSILORLUXOTTICA SA","Health Care","Equity","25,826,707.60","0.79","25,826,707.60","109,621.00","235.60","France","Nyse Euronext - Euronext Paris","EUR"
"SAN","BANCO SANTANDER SA","Financials","Equity","25,510,161.93","0.78","25,510,161.93","5,714,002.00","4.46","Spain","Bolsa De Madrid","EUR"
"DGE","DIAGEO PLC","Consumer Staples","Equity","25,161,779.57","0.77","25,161,779.57","819,865.00","30.69","United Kingdom","London Stock Exchange","GBP"
"GSK","GLAXOSMITHKLINE","Health Care","Equity","24,791,461.41","0.76","24,791,461.41","1,522,309.00","16.29","United Kingdom","London Stock Exchange","GBP"
"LSEG","LONDON STOCK EXCHANGE GROUP PLC","Financials","Equity","24,066,658.79","0.74","24,066,658.79","176,328.00","136.49","United Kingdom","London Stock Exchange","GBP"
"MUV2","MUENCHENER RUECKVERSICHERUNGS-GESE","Financials","Equity","24,019,875.20","0.74","24,019,875.20","49,312.00","487.10","Germany","Xetra","EUR"
"RIO","RIO TINTO PLC","Materials","Equity","23,647,602.37","0.72","23,647,602.37","413,977.00","57.12","United Kingdom","London Stock Exchange","GBP"
"CS","AXA SA","Financials","Equity","22,251,749.52","0.68","22,251,749.52","648,361.00","34.32","France","Nyse Euronext - Euronext Paris","EUR"
"BNP","BNP PARIBAS SA","Financials","Equity","22,189,674.78","0.68","22,189,674.78","374,699.00","59.22","France","Nyse Euronext - Euronext Paris","EUR"
"RR.","ROLLS-ROYCE HOLDINGS PLC","Industrials","Equity","21,570,753.62","0.66","21,570,753.62","3,136,646.00","6.88","United Kingdom","London Stock Exchange","GBP"
"UCG","UNICREDIT","Financials","Equity","20,932,597.27","0.64","20,932,597.27","543,351.00","38.52","Italy","Borsa Italiana","EUR"
"ISP","INTESA SANPAOLO","Financials","Equity","20,838,385.64","0.64","20,838,385.64","5,394,353.00","3.86","Italy","Borsa Italiana","EUR"
"NG.","NATIONAL GRID PLC","Utilities","Equity","20,670,781.57","0.63","20,670,781.57","1,799,038.00","11.49","United Kingdom","London Stock Exchange","GBP"
"ENEL","ENEL","Utilities","Equity","20,559,709.24","0.63","20,559,709.24","2,985,726.00","6.89","Italy","Borsa Italiana","EUR"
"BBVA","BANCO BILBAO VIZCAYA ARGENTARIA SA","Financials","Equity","20,222,525.64","0.62","20,222,525.64","2,139,497.00","9.45","Spain","Bolsa De Madrid","EUR"
"CPG","COMPASS GROUP PLC","Consumer Discretionary","Equity","20,134,499.03","0.62","20,134,499.03","625,374.00","32.20","United Kingdom","London Stock Exchange","GBP"
"ITX","INDUSTRIA DE DISENO TEXTIL INDITEX","Consumer Discretionary","Equity","19,970,023.08","0.61","19,970,023.08","402,297.00","49.64","Spain","Bolsa De Madrid","EUR"
"PRX","PROSUS NV CLASS N","Consumer Discretionary","Equity","19,316,664.90","0.59","19,316,664.90","503,694.00","38.35","Netherlands","Euronext Amsterdam","EUR"
"RACE","FERRARI NV","Consumer Discretionary","Equity","19,159,279.20","0.59","19,159,279.20","46,458.00","412.40","Italy","Borsa Italiana","EUR"
"INGA","ING GROEP NV","Financials","Equity","18,466,482.73","0.57","18,466,482.73","1,220,521.00","15.13","Netherlands","Euronext Amsterdam","EUR"
"DG","VINCI SA","Industrials","Equity","18,265,785.16","0.56","18,265,785.16","183,134.00","99.74","France","Nyse Euronext - Euronext Paris","EUR"
"HOLN","HOLCIM LTD AG","Materials","Equity","17,882,502.83","0.55","17,882,502.83","192,094.00","93.09","Switzerland","SIX Swiss Exchange","CHF"
"BARC","BARCLAYS PLC","Financials","Equity","17,356,329.71","0.53","17,356,329.71","5,351,643.00","3.24","United Kingdom","London Stock Exchange","GBP"
"INVE B","INVESTOR CLASS B","Financials","Equity","16,474,012.28","0.50","16,474,012.28","643,961.00","25.58","Sweden","Nasdaq Omx Nordic","SEK"
"ABI","ANHEUSER-BUSCH INBEV SA","Consumer Staples","Equity","15,977,456.75","0.49","15,977,456.75","331,139.00","48.25","Belgium","Nyse Euronext - Euronext Brussels","EUR"
"III","3I GROUP PLC","Financials","Equity","15,476,310.64","0.47","15,476,310.64","359,035.00","43.11","United Kingdom","London Stock Exchange","GBP"
"DSV","DSV","Industrials","Equity","15,444,070.00","0.47","15,444,070.00","75,324.00","205.04","Denmark","Omx Nordic Exchange Copenhagen A/S","DKK"
"SREN","SWISS RE AG","Financials","Equity","15,429,621.57","0.47","15,429,621.57","110,362.00","139.81","Switzerland","SIX Swiss Exchange","CHF"
"DB1","DEUTSCHE BOERSE AG","Financials","Equity","15,416,545.60","0.47","15,416,545.60","69,319.00","222.40","Germany","Xetra","EUR"
"LONN","LONZA GROUP AG","Health Care","Equity","15,202,342.55","0.47","15,202,342.55","26,626.00","570.96","Switzerland","SIX Swiss Exchange","CHF"
"ALC","ALCON AG","Health Care","Equity","15,136,589.39","0.46","15,136,589.39","184,714.00","81.95","Switzerland","SIX Swiss Exchange","CHF"
"IFX","INFINEON TECHNOLOGIES AG","Information Technology","Equity","15,051,872.60","0.46","15,051,872.60","479,359.00","31.40","Germany","Xetra","EUR"
"LLOY","LLOYDS BANKING GROUP PLC","Financials","Equity","14,964,930.64","0.46","14,964,930.64","22,587,061.00","0.66","United Kingdom","London Stock Exchange","GBP"
"RKT","RECKITT BENCKISER GROUP PLC","Consumer Staples","Equity","14,879,721.23","0.46","14,879,721.23","254,557.00","58.45","United Kingdom","London Stock Exchange","GBP"
"MBG","MERCEDES-BENZ GROUP N AG","Consumer Discretionary","Equity","14,861,443.00","0.46","14,861,443.00","276,235.00","53.80","Germany","Xetra","EUR"
"ATCO A","ATLAS COPCO CLASS A","Industrials","Equity","14,589,666.26","0.45","14,589,666.26","988,615.00","14.76","Sweden","Nasdaq Omx Nordic","SEK"
"GIVN","GIVAUDAN SA","Materials","Equity","14,314,289.08","0.44","14,314,289.08","3,387.00","4,226.25","Switzerland","SIX Swiss Exchange","CHF"
"SGO","COMPAGNIE DE SAINT GOBAIN SA","Industrials","Equity","14,251,481.50","0.44","14,251,481.50","166,295.00","85.70","France","Nyse Euronext - Euronext Paris","EUR"
"ADS","ADIDAS N AG","Consumer Discretionary","Equity","14,113,516.80","0.43","14,113,516.80","59,601.00","236.80","Germany","Xetra","EUR"
"WKL","WOLTERS KLUWER NV","Industrials","Equity","14,085,846.80","0.43","14,085,846.80","87,817.00","160.40","Netherlands","Euronext Amsterdam","EUR"
"EXPN","EXPERIAN PLC","Industrials","Equity","14,054,162.18","0.43","14,054,162.18","337,305.00","41.67","United Kingdom","London Stock Exchange","GBP"
"VOLV B","VOLVO CLASS B","Industrials","Equity","13,633,209.70","0.42","13,633,209.70","580,731.00","23.48","Sweden","Nasdaq Omx Nordic","SEK"
"ARGX","ARGENX","Health Care","Equity","13,189,800.00","0.40","13,189,800.00","21,983.00","600.00","Belgium","Nyse Euronext - Euronext Brussels","EUR"
"HLN","HALEON PLC","Consumer Staples","Equity","12,900,695.07","0.40","12,900,695.07","2,826,300.00","4.56","United Kingdom","London Stock Exchange","GBP"
"SIKA","SIKA AG","Materials","Equity","12,839,616.72","0.39","12,839,616.72","55,834.00","229.96","Switzerland","SIX Swiss Exchange","CHF"
"DHL","DEUTSCHE POST AG","Industrials","Equity","12,785,790.52","0.39","12,785,790.52","376,274.00","33.98","Germany","Xetra","EUR"
"NWG","NATWEST GROUP PLC","Financials","Equity","12,644,302.13","0.39","12,644,302.13","2,599,967.00","4.86","United Kingdom","London Stock Exchange","GBP"
"NDA FI","NORDEA BANK","Financials","Equity","12,179,391.00","0.37","12,179,391.00","1,159,942.00","10.50","Finland","Nasdaq Omx Helsinki Ltd.","EUR"
"DBK","DEUTSCHE BANK AG","Financials","Equity","11,705,308.16","0.36","11,705,308.16","703,444.00","16.64","Germany","Xetra","EUR"
"ADYEN","ADYEN NV","Financials","Equity","11,513,244.00","0.35","11,513,244.00","8,012.00","1,437.00","Netherlands","Euronext Amsterdam","EUR"
"AMS","AMADEUS IT GROUP SA","Consumer Discretionary","Equity","11,435,298.60","0.35","11,435,298.60","167,673.00","68.20","Spain","Bolsa De Madrid","EUR"
"TSCO","TESCO PLC","Consumer Staples","Equity","11,242,374.35","0.34","11,242,374.35","2,523,849.00","4.45","United Kingdom","London Stock Exchange","GBP"
"ENI","ENI","Energy","Equity","11,103,697.22","0.34","11,103,697.22","848,258.00","13.09","Italy","Borsa Italiana","EUR"
"PGHN","PARTNERS GROUP HOLDING AG","Financials","Equity","11,029,634.19","0.34","11,029,634.19","8,415.00","1,310.71","Switzerland","SIX Swiss Exchange","CHF"
"AD","KONINKLIJKE AHOLD DELHAIZE NV","Consumer Staples","Equity","10,779,184.45","0.33","10,779,184.45","342,305.00","31.49","Netherlands","Euronext Amsterdam","EUR"
"ASSA B","ASSA ABLOY B","Industrials","Equity","10,625,378.74","0.33","10,625,378.74","372,002.00","28.56","Sweden","Nasdaq Omx Nordic","SEK"
"ENGI","ENGIE SA","Utilities","Equity","10,332,121.91","0.32","10,332,121.91","674,861.00","15.31","France","Nyse Euronext - Euronext Paris","EUR"
"RHM","RHEINMETALL AG","Industrials","Equity","9,879,080.40","0.30","9,879,080.40","16,074.00","614.60","Germany","Xetra","EUR"
"AHT","ASHTEAD GROUP PLC","Industrials","Equity","9,625,456.75","0.29","9,625,456.75","160,291.00","60.05","United Kingdom","London Stock Exchange","GBP"
"G","ASSICURAZIONI GENERALI","Financials","Equity","9,459,772.11","0.29","9,459,772.11","346,893.00","27.27","Italy","Borsa Italiana","EUR"
"EOAN","E.ON N","Utilities","Equity","9,326,726.69","0.29","9,326,726.69","829,411.00","11.24","Germany","Xetra","EUR"
"STAN","STANDARD CHARTERED PLC","Financials","Equity","9,255,896.37","0.28","9,255,896.37","774,114.00","11.96","United Kingdom","London Stock Exchange","GBP"
"ASM","ASM INTERNATIONAL NV","Information Technology","Equity","9,223,552.80","0.28","9,223,552.80","16,506.00","558.80","Netherlands","Euronext Amsterdam","EUR"
"STLAM","STELLANTIS NV","Consumer Discretionary","Equity","9,113,825.46","0.28","9,113,825.46","723,894.00","12.59","Italy","Borsa Italiana","EUR"
"UCB","UCB SA","Health Care","Equity","9,034,361.00","0.28","9,034,361.00","47,005.00","192.20","Belgium","Nyse Euronext - Euronext Brussels","EUR"
"LR","LEGRAND SA","Industrials","Equity","9,026,993.64","0.28","9,026,993.64","95,991.00","94.04","France","Nyse Euronext - Euronext Paris","EUR"
"CAP","CAPGEMINI","Information Technology","Equity","8,956,825.25","0.27","8,956,825.25","56,635.00","158.15","France","Nyse Euronext - Euronext Paris","EUR"
"PUB","PUBLICIS GROUPE SA","Communication","Equity","8,654,369.00","0.27","8,654,369.00","84,023.00","103.00","France","Nyse Euronext - Euronext Paris","EUR"
"NOKIA","NOKIA","Information Technology","Equity","8,492,076.48","0.26","8,492,076.48","1,986,683.00","4.27","Finland","Nasdaq Omx Helsinki Ltd.","EUR"
"BMW","BMW AG","Consumer Discretionary","Equity","8,434,511.14","0.26","8,434,511.14","106,793.00","78.98","Germany","Xetra","EUR"
"ERIC B","ERICSSON B","Information Technology","Equity","8,179,823.52","0.25","8,179,823.52","1,041,271.00","7.86","Sweden","Nasdaq Omx Nordic","SEK"
"DSY","DASSAULT SYSTEMES","Information Technology","Equity","8,176,345.00","0.25","8,176,345.00","244,070.00","33.50","France","Nyse Euronext - Euronext Paris","EUR"
"RI","PERNOD RICARD SA","Consumer Staples","Equity","8,153,091.00","0.25","8,153,091.00","74,799.00","109.00","France","Nyse Euronext - Euronext Paris","EUR"
"VNA","VONOVIA SE","Real Estate","Equity","7,910,301.44","0.24","7,910,301.44","269,792.00","29.32","Germany","Xetra","EUR"
"ML","MICHELIN","Consumer Discretionary","Equity","7,906,370.40","0.24","7,906,370.40","248,628.00","31.80","France","Nyse Euronext - Euronext Paris","EUR"
"SLHN","SWISS LIFE HOLDING AG","Financials","Equity","7,895,663.77","0.24","7,895,663.77","10,591.00","745.51","Switzerland","SIX Swiss Exchange","CHF"
"SEB A","SKANDINAVISKA ENSKILDA BANKEN","Financials","Equity","7,752,059.66","0.24","7,752,059.66","585,640.00","13.24","Sweden","Nasdaq Omx Nordic","SEK"
"CABK","CAIXABANK SA","Financials","Equity","7,712,313.84","0.24","7,712,313.84","1,472,940.00","5.24","Spain","Bolsa De Madrid","EUR"
"PRU","PRUDENTIAL PLC","Financials","Equity","7,592,720.09","0.23","7,592,720.09","985,519.00","7.70","United Kingdom","London Stock Exchange","GBP"
"UMG","UNIVERSAL MUSIC GROUP NV","Communication","Equity","7,507,315.68","0.23","7,507,315.68","303,694.00","24.72","Netherlands","Euronext Amsterdam","EUR"
"ATCO B","ATLAS COPCO CLASS B","Industrials","Equity","7,505,796.36","0.23","7,505,796.36","574,624.00","13.06","Sweden","Nasdaq Omx Nordic","SEK"
"EUR","EUR CASH","Cash and/or Derivatives","Cash","7,475,960.93","0.23","7,475,960.93","7,475,961.00","100.00","European Union","-","EUR"
"SSE","SSE PLC","Utilities","Equity","7,470,068.74","0.23","7,470,068.74","385,059.00","19.40","United Kingdom","London Stock Exchange","GBP"
"EBS","ERSTE GROUP BANK AG","Financials","Equity","7,452,965.84","0.23","7,452,965.84","124,924.00","59.66","Austria","Wiener Boerse Ag","EUR"
"HEIA","HEINEKEN NV","Consumer Staples","Equity","7,383,463.80","0.23","7,383,463.80","107,474.00","68.70","Netherlands","Euronext Amsterdam","EUR"
"SAMPO","SAMPO CLASS A","Financials","Equity","7,298,649.82","0.22","7,298,649.82","185,339.00","39.38","Finland","Nasdaq Omx Helsinki Ltd.","EUR"
"HEXA B","HEXAGON CLASS B","Information Technology","Equity","7,226,302.75","0.22","7,226,302.75","782,952.00","9.23","Sweden","Nasdaq Omx Nordic","SEK"
"GLE","SOCIETE GENERALE SA","Financials","Equity","7,197,753.08","0.22","7,197,753.08","265,013.00","27.16","France","Nyse Euronext - Euronext Paris","EUR"
"PHIA","KONINKLIJKE PHILIPS NV","Health Care","Equity","7,195,389.20","0.22","7,195,389.20","294,893.00","24.40","Netherlands","Euronext Amsterdam","EUR"
"FER","FERROVIAL","Industrials","Equity","7,120,022.00","0.22","7,120,022.00","175,370.00","40.60","Spain","Bolsa De Madrid","EUR"
"NSIS B","NOVOZYMES B","Materials","Equity","7,110,148.12","0.22","7,110,148.12","130,052.00","54.67","Denmark","Omx Nordic Exchange Copenhagen A/S","DKK"
"VIE","VEOLIA ENVIRON. SA","Utilities","Equity","7,029,324.79","0.22","7,029,324.79","259,289.00","27.11","France","Nyse Euronext - Euronext Paris","EUR"
"IHG","INTERCONTINENTAL HOTELS GROUP PLC","Consumer Discretionary","Equity","7,002,366.82","0.21","7,002,366.82","58,164.00","120.39","United Kingdom","London Stock Exchange","GBP"
"DANSKE","DANSKE BANK","Financials","Equity","6,879,589.22","0.21","6,879,589.22","251,855.00","27.32","Denmark","Omx Nordic Exchange Copenhagen A/S","DKK"
"SAND","SANDVIK","Industrials","Equity","6,794,975.82","0.21","6,794,975.82","392,056.00","17.33","Sweden","Nasdaq Omx Nordic","SEK"
"VOD","VODAFONE GROUP PLC","Communication","Equity","6,763,701.60","0.21","6,763,701.60","8,187,867.00","0.83","United Kingdom","London Stock Exchange","GBP"
"GEBN","GEBERIT AG","Industrials","Equity","6,751,499.91","0.21","6,751,499.91","12,312.00","548.37","Switzerland","SIX Swiss Exchange","CHF"
"VOW3","VOLKSWAGEN NON-VOTING PREF AG","Consumer Discretionary","Equity","6,725,191.20","0.21","6,725,191.20","75,530.00","89.04","Germany","Xetra","EUR"
"DTG","DAIMLER TRUCK HOLDING E AG","Industrials","Equity","6,716,317.85","0.21","6,716,317.85","182,261.00","36.85","Germany","Xetra","EUR"
"MRK","MERCK","Health Care","Equity","6,657,281.40","0.20","6,657,281.40","47,586.00","139.90","Germany","Xetra","EUR"
"DSFIR","DSM FIRMENICH AG","Materials","Equity","6,618,673.32","0.20","6,618,673.32","67,731.00","97.72","Netherlands","Euronext Amsterdam","EUR"
"AER","AERCAP HOLDINGS NV","Industrials","Equity","6,617,578.75","0.20","6,617,578.75","71,604.00","92.42","Netherlands","New York Stock Exchange Inc.","USD"
"ORA","ORANGE SA","Communication","Equity","6,525,656.21","0.20","6,525,656.21","677,779.00","9.63","France","Nyse Euronext - Euronext Paris","EUR"
"KER","KERING SA","Consumer Discretionary","Equity","6,437,991.50","0.20","6,437,991.50","27,022.00","238.25","France","Nyse Euronext - Euronext Paris","EUR"
"MTX","MTU AERO ENGINES HOLDING AG","Industrials","Equity","6,404,902.00","0.20","6,404,902.00","19,891.00","322.00","Germany","Xetra","EUR"
"PRY","PRYSMIAN","Industrials","Equity","6,383,598.14","0.20","6,383,598.14","103,529.00","61.66","Italy","Borsa Italiana","EUR"
"DNB","DNB BANK","Financials","Equity","6,378,107.59","0.20","6,378,107.59","330,586.00","19.29","Norway","Oslo Bors Asa","NOK"
"KBC","KBC GROEP","Financials","Equity","6,315,028.80","0.19","6,315,028.80","84,720.00","74.54","Belgium","Nyse Euronext - Euronext Brussels","EUR"
"STMPA","STMICROELECTRONICS NV","Information Technology","Equity","6,114,799.67","0.19","6,114,799.67","251,897.00","24.27","France","Nyse Euronext - Euronext Paris","EUR"
"LGEN","LEGAL AND GENERAL GROUP PLC","Financials","Equity","6,042,467.26","0.19","6,042,467.26","2,174,059.00","2.78","United Kingdom","London Stock Exchange","GBP"
"CLNX","CELLNEX TELECOM SA","Communication","Equity","5,967,847.53","0.18","5,967,847.53","195,603.00","30.51","Spain","Bolsa De Madrid","EUR"
"KNEBV","KONE","Industrials","Equity","5,965,851.00","0.18","5,965,851.00","126,933.00","47.00","Finland","Nasdaq Omx Helsinki Ltd.","EUR"
"SWED A","SWEDBANK","Financials","Equity","5,874,210.28","0.18","5,874,210.28","307,878.00","19.08","Sweden","Nasdaq Omx Nordic","SEK"
"HEI","HEIDELBERG MATERIALS AG","Materials","Equity","5,856,198.40","0.18","5,856,198.40","49,088.00","119.30","Germany","Xetra","EUR"
"SOON","SONOVA HOLDING AG","Health Care","Equity","5,852,925.26","0.18","5,852,925.26","18,537.00","315.74","Switzerland","SIX Swiss Exchange","CHF"
"SDZ","SANDOZ GROUP AG","Health Care","Equity","5,832,551.60","0.18","5,832,551.60","147,253.00","39.61","Switzerland","SIX Swiss Exchange","CHF"
"ESSITY B","ESSITY CLASS B","Consumer Staples","Equity","5,759,993.36","0.18","5,759,993.36","222,871.00","25.84","Sweden","Nasdaq Omx Nordic","SEK"
"SGE","SAGE GROUP PLC","Information Technology","Equity","5,692,847.39","0.17","5,692,847.39","369,750.00","15.40","United Kingdom","London Stock Exchange","GBP"
"CCEP","COCA COLA EUROPACIFIC PARTNERS PLC","Consumer Staples","Equity","5,648,186.82","0.17","5,648,186.82","76,145.00","74.18","Netherlands","NASDAQ","USD"
"SGSN","SGS SA","Industrials","Equity","5,501,094.61","0.17","5,501,094.61","56,804.00","96.84","Switzerland","SIX Swiss Exchange","CHF"
"CBK","COMMERZBANK AG","Financials","Equity","5,494,440.80","0.17","5,494,440.80","349,408.00","15.73","Germany","Xetra","EUR"
"TEF","TELEFONICA SA","Communication","Equity","5,491,677.99","0.17","5,491,677.99","1,394,889.00","3.94","Spain","Bolsa De Madrid","EUR"
"AENA","AENA SME SA","Industrials","Equity","5,484,561.60","0.17","5,484,561.60","27,784.00","197.40","Spain","Bolsa De Madrid","EUR"
"KRZ","KERRY GROUP PLC","Consumer Staples","Equity","5,461,652.50","0.17","5,461,652.50","58,570.00","93.25","Ireland","Irish Stock Exchange - All Market","EUR"
"PNDORA","PANDORA","Consumer Discretionary","Equity","5,443,895.27","0.17","5,443,895.27","30,825.00","176.61","Denmark","Omx Nordic Exchange Copenhagen A/S","DKK"
"SHL","SIEMENS HEALTHINEERS AG","Health Care","Equity","5,441,689.60","0.17","5,441,689.60","106,283.00","51.20","Germany","Xetra","EUR"
"HNR1","HANNOVER RUECK","Financials","Equity","5,371,632.80","0.16","5,371,632.80","22,252.00","241.40","Germany","Xetra","EUR"
"AV.","AVIVA PLC","Financials","Equity","5,334,379.00","0.16","5,334,379.00","940,813.00","5.67","United Kingdom","London Stock Exchange","GBP"
"HEN3","HENKEL & KGAA PREF AG","Consumer Staples","Equity","5,320,854.00","0.16","5,320,854.00","62,820.00","84.70","Germany","Xetra","EUR"
"SHB A","SVENSKA HANDELSBANKEN-A SHS","Financials","Equity","5,249,707.32","0.16","5,249,707.32","525,959.00","9.98","Sweden","Nasdaq Omx Nordic","SEK"
"UPM","UPM-KYMMENE","Materials","Equity","5,154,950.72","0.16","5,154,950.72","194,087.00","26.56","Finland","Nasdaq Omx Helsinki Ltd.","EUR"
"FRE","FRESENIUS SE AND CO KGAA","Health Care","Equity","5,108,946.96","0.16","5,108,946.96","152,324.00","33.54","Germany","Xetra","EUR"
"ACA","CREDIT AGRICOLE SA","Financials","Equity","5,102,163.90","0.16","5,102,163.90","383,910.00","13.29","France","Nyse Euronext - Euronext Paris","EUR"
"SCMN","SWISSCOM AG","Communication","Equity","5,078,751.49","0.16","5,078,751.49","9,447.00","537.61","Switzerland","SIX Swiss Exchange","CHF"
"NXT","NEXT PLC","Consumer Discretionary","Equity","5,074,368.66","0.16","5,074,368.66","44,173.00","114.88","United Kingdom","London Stock Exchange","GBP"
"KPN","KONINKLIJKE KPN NV","Communication","Equity","5,068,795.21","0.16","5,068,795.21","1,442,047.00","3.52","Netherlands","Euronext Amsterdam","EUR"
"BNZL","BUNZL","Industrials","Equity","5,014,324.84","0.15","5,014,324.84","125,786.00","39.86","United Kingdom","London Stock Exchange","GBP"
"SY1","SYMRISE AG","Materials","Equity","5,003,468.95","0.15","5,003,468.95","48,743.00","102.65","Germany","Xetra","EUR"
"COLO B","COLOPLAST B","Health Care","Equity","4,947,185.81","0.15","4,947,185.81","46,925.00","105.43","Denmark","Omx Nordic Exchange Copenhagen A/S","DKK"
"STMN","STRAUMANN HOLDING AG","Health Care","Equity","4,934,647.33","0.15","4,934,647.33","40,532.00","121.75","Switzerland","SIX Swiss Exchange","CHF"
"VWS","VESTAS WIND SYSTEMS","Industrials","Equity","4,868,241.03","0.15","4,868,241.03","370,144.00","13.15","Denmark","Omx Nordic Exchange Copenhagen A/S","DKK"
"INF","INFORMA PLC","Communication","Equity","4,839,130.71","0.15","4,839,130.71","501,134.00","9.66","United Kingdom","London Stock Exchange","GBP"
"GMAB","GENMAB","Health Care","Equity","4,773,153.65","0.15","4,773,153.65","23,849.00","200.14","Denmark","Omx Nordic Exchange Copenhagen A/S","DKK"
"LOGN","LOGITECH INTERNATIONAL SA","Information Technology","Equity","4,708,842.15","0.14","4,708,842.15","58,887.00","79.96","Switzerland","SIX Swiss Exchange","CHF"
"EVO","EVOLUTION","Consumer Discretionary","Equity","4,655,350.26","0.14","4,655,350.26","62,458.00","74.54","Sweden","Nasdaq Omx Nordic","SEK"
"BEI","BEIERSDORF AG","Consumer Staples","Equity","4,617,388.00","0.14","4,617,388.00","37,237.00","124.00","Germany","Xetra","EUR"
"BAER","JULIUS BAER GRUPPE AG","Financials","Equity","4,602,802.38","0.14","4,602,802.38","73,634.00","62.51","Switzerland","SIX Swiss Exchange","CHF"
"RTO","RENTOKIL INITIAL PLC","Industrials","Equity","4,487,108.13","0.14","4,487,108.13","925,648.00","4.85","United Kingdom","London Stock Exchange","GBP"
"HLMA","HALMA PLC","Information Technology","Equity","4,478,639.26","0.14","4,478,639.26","137,709.00","32.52","United Kingdom","London Stock Exchange","GBP"
"MONC","MONCLER","Consumer Discretionary","Equity","4,390,652.50","0.13","4,390,652.50","86,125.00","50.98","Italy","Borsa Italiana","EUR"
"ALFA","ALFA LAVAL","Industrials","Equity","4,368,733.32","0.13","4,368,733.32","108,052.00","40.43","Sweden","Nasdaq Omx Nordic","SEK"
"NN","NN GROUP NV","Financials","Equity","4,200,731.57","0.13","4,200,731.57","99,851.00","42.07","Netherlands","Euronext Amsterdam","EUR"
"SCHP","SCHINDLER HOLDING PAR AG","Industrials","Equity","4,092,919.94","0.13","4,092,919.94","15,339.00","266.83","Switzerland","SIX Swiss Exchange","CHF"
"TRN","TERNA RETE ELETTRICA NAZIONALE","Utilities","Equity","4,071,907.02","0.12","4,071,907.02","534,371.00","7.62","Italy","Borsa Italiana","EUR"
"KNIN","KUEHNE UND NAGEL INTERNATIONAL AG","Industrials","Equity","4,066,664.58","0.12","4,066,664.58","18,365.00","221.44","Switzerland","SIX Swiss Exchange","CHF"
"LISN","CHOCOLADEFABRIKEN LINDT & SPRUENGL","Consumer Staples","Equity","4,049,351.47","0.12","4,049,351.47","38.00","106,562.09","Switzerland","SIX Swiss Exchange","CHF"
"BT.A","BT GROUP PLC","Communication","Equity","4,033,149.02","0.12","4,033,149.02","2,314,931.00","1.74","United Kingdom","London Stock Exchange","GBP"
"SGRO","SEGRO REIT PLC","Real Estate","Equity","4,031,084.16","0.12","4,031,084.16","475,321.00","8.48","United Kingdom","London Stock Exchange","GBP"
"EPI A","EPIROC CLASS A","Industrials","Equity","4,004,162.09","0.12","4,004,162.09","237,931.00","16.83","Sweden","Nasdaq Omx Nordic","SEK"
"KRX","KINGSPAN GROUP PLC","Industrials","Equity","3,949,990.60","0.12","3,949,990.60","56,068.00","70.45","Ireland","Irish Stock Exchange - All Market","EUR"
"WPP","WPP PLC","Communication","Equity","3,880,475.26","0.12","3,880,475.26","387,772.00","10.01","United Kingdom","London Stock Exchange","GBP"
"FBK","FINECOBANK BANCA FINECO","Financials","Equity","3,806,158.68","0.12","3,806,158.68","226,692.00","16.79","Italy","Borsa Italiana","EUR"
"SAB","BANCO DE SABADELL SA","Financials","Equity","3,792,675.58","0.12","3,792,675.58","2,020,605.00","1.88","Spain","Bolsa De Madrid","EUR"
"BESI","BE SEMICONDUCTOR INDUSTRIES NV","Information Technology","Equity","3,760,098.30","0.12","3,760,098.30","28,421.00","132.30","Netherlands","Euronext Amsterdam","EUR"
"SN.","SMITH AND NEPHEW PLC","Health Care","Equity","3,753,701.56","0.11","3,753,701.56","313,053.00","11.99","United Kingdom","London Stock Exchange","GBP"
"1CO","COVESTRO V AG","Materials","Equity","3,723,890.00","0.11","3,723,890.00","64,205.00","58.00","Germany","Xetra","EUR"
"LISP","CHOCOLADEFABRIKEN LINDT & SPRUENGL","Consumer Staples","Equity","3,723,581.15","0.11","3,723,581.15","347.00","10,730.80","Switzerland","SIX Swiss Exchange","CHF"
"BAMI","BANCO BPM","Financials","Equity","3,718,168.27","0.11","3,718,168.27","475,956.00","7.81","Italy","Borsa Italiana","EUR"
"VACN","VAT GROUP AG","Industrials","Equity","3,665,726.57","0.11","3,665,726.57","10,035.00","365.29","Switzerland","SIX Swiss Exchange","CHF"
"EQT","EQT","Financials","Equity","3,644,039.22","0.11","3,644,039.22","136,208.00","26.75","Sweden","Nasdaq Omx Nordic","SEK"
"AKZA","AKZO NOBEL NV","Materials","Equity","3,582,623.52","0.11","3,582,623.52","61,812.00","57.96","Netherlands","Euronext Amsterdam","EUR"
"EDP","EDP ENERGIAS DE PORTUGAL SA","Utilities","Equity","3,578,735.07","0.11","3,578,735.07","1,157,792.00","3.09","Portugal","Nyse Euronext - Euronext Lisbon","EUR"
"QIA","QIAGEN NV","Health Care","Equity","3,576,996.46","0.11","3,576,996.46","83,099.00","43.05","Germany","Deutsche Boerse Xetra","EUR"
"A5G","AIB GROUP PLC","Financials","Equity","3,576,142.18","0.11","3,576,142.18","670,946.00","5.33","Ireland","Irish Stock Exchange - All Market","EUR"
"KOG","KONGSBERG GRUPPEN","Industrials","Equity","3,530,288.10","0.11","3,530,288.10","32,436.00","108.84","Norway","Oslo Bors Asa","NOK"
"RO","ROCHE HOLDING AG","Health Care","Equity","3,468,639.73","0.11","3,468,639.73","12,029.00","288.36","Switzerland","SIX Swiss Exchange","CHF"
"MKS","MARKS AND SPENCER GROUP PLC","Consumer Staples","Equity","3,439,006.55","0.11","3,439,006.55","757,234.00","4.54","United Kingdom","London Stock Exchange","GBP"
"PSON","PEARSON PLC","Consumer Discretionary","Equity","3,430,957.14","0.11","3,430,957.14","221,276.00","15.51","United Kingdom","London Stock Exchange","GBP"
"RNO","RENAULT SA","Consumer Discretionary","Equity","3,417,288.55","0.10","3,417,288.55","72,631.00","47.05","France","Nyse Euronext - Euronext Paris","EUR"
"BVI","BUREAU VERITAS SA","Industrials","Equity","3,380,378.76","0.10","3,380,378.76","115,214.00","29.34","France","Nyse Euronext - Euronext Paris","EUR"
"BIRG","BANK OF IRELAND GROUP PLC","Financials","Equity","3,364,904.69","0.10","3,364,904.69","382,115.00","8.81","Ireland","Irish Stock Exchange - All Market","EUR"
"ITRK","INTERTEK GROUP PLC","Industrials","Equity","3,348,205.90","0.10","3,348,205.90","58,552.00","57.18","United Kingdom","London Stock Exchange","GBP"
"AC","ACCOR SA","Consumer Discretionary","Equity","3,344,402.88","0.10","3,344,402.88","71,097.00","47.04","France","Nyse Euronext - Euronext Paris","EUR"
"CARL B","CARLSBERG AS CL B","Consumer Staples","Equity","3,338,293.24","0.10","3,338,293.24","36,079.00","92.53","Denmark","Omx Nordic Exchange Copenhagen A/S","DKK"
"ACS","ACS ACTIVIDADES DE CONSTRUCCION Y","Industrials","Equity","3,287,525.92","0.10","3,287,525.92","67,868.00","48.44","Spain","Bolsa De Madrid","EUR"
"GBP","GBP CASH","Cash and/or Derivatives","Cash","3,284,361.32","0.10","3,284,361.32","2,715,551.00","120.95","United Kingdom","-","GBP"
"ENX","EURONEXT NV","Financials","Equity","3,272,826.00","0.10","3,272,826.00","30,220.00","108.30","France","Nyse Euronext - Euronext Paris","EUR"
"FME","FRESENIUS MEDICAL CARE AG","Health Care","Equity","3,272,653.44","0.10","3,272,653.44","74,109.00","44.16","Germany","Xetra","EUR"
"CNA","CENTRICA PLC","Utilities","Equity","3,257,578.55","0.10","3,257,578.55","2,016,023.00","1.62","United Kingdom","London Stock Exchange","GBP"
"EXO","EXOR NV","Financials","Equity","3,248,368.20","0.10","3,248,368.20","36,684.00","88.55","Netherlands","Euronext Amsterdam","EUR"
"UU.","UNITED UTILITIES GROUP PLC","Utilities","Equity","3,209,519.07","0.10","3,209,519.07","252,370.00","12.72","United Kingdom","London Stock Exchange","GBP"
"URW","UNIBAIL RODAMCO WE STAPLED UNITS","Real Estate","Equity","3,176,773.20","0.10","3,176,773.20","43,685.00","72.72","France","Nyse Euronext - Euronext Paris","EUR"
"WISE","WISE PLC CLASS A","Financials","Equity","3,175,866.06","0.10","3,175,866.06","246,327.00","12.89","United Kingdom","London Stock Exchange","GBP"
"AUTO","AUTO TRADER GROUP PLC","Communication","Equity","3,175,308.84","0.10","3,175,308.84","331,070.00","9.59","United Kingdom","London Stock Exchange","GBP"
"SRG","SNAM","Utilities","Equity","3,151,845.33","0.10","3,151,845.33","736,929.00","4.28","Italy","Borsa Italiana","EUR"
"WRT1V","WARTSILA","Industrials","Equity","3,149,129.72","0.10","3,149,129.72","184,052.00","17.11","Finland","Nasdaq Omx Helsinki Ltd.","EUR"
"SVT","SEVERN TRENT PLC","Utilities","Equity","3,131,615.86","0.10","3,131,615.86","103,240.00","30.33","United Kingdom","London Stock Exchange","GBP"
"MRO","MELROSE INDUSTRIES PLC","Industrials","Equity","3,126,779.26","0.10","3,126,779.26","466,822.00","6.70","United Kingdom","London Stock Exchange","GBP"
"GALD","GALDERMA GROUP N AG","Health Care","Equity","3,100,956.70","0.09","3,100,956.70","28,915.00","107.24","Switzerland","SIX Swiss Exchange","CHF"
"ADM","ADMIRAL GROUP PLC","Financials","Equity","3,008,767.60","0.09","3,008,767.60","94,088.00","31.98","United Kingdom","London Stock Exchange","GBP"
"BALN","BALOISE HOLDING AG","Financials","Equity","3,003,533.57","0.09","3,003,533.57","17,176.00","174.87","Switzerland","SIX Swiss Exchange","CHF"
"AGN","AEGON LTD","Financials","Equity","3,000,557.56","0.09","3,000,557.56","524,573.00","5.72","Netherlands","Euronext Amsterdam","EUR"
"ABF","ASSOCIATED BRITISH FOODS PLC","Consumer Staples","Equity","2,998,776.14","0.09","2,998,776.14","121,362.00","24.71","United Kingdom","London Stock Exchange","GBP"
"IMCD","IMCD NV","Industrials","Equity","2,977,768.50","0.09","2,977,768.50","20,751.00","143.50","Netherlands","Euronext Amsterdam","EUR"
"SPSN","SWISS PRIME SITE AG","Real Estate","Equity","2,963,193.93","0.09","2,963,193.93","28,145.00","105.28","Switzerland","SIX Swiss Exchange","CHF"
"CA","CARREFOUR SA","Consumer Staples","Equity","2,962,563.29","0.09","2,962,563.29","215,773.00","13.73","France","Nyse Euronext - Euronext Paris","EUR"
"EDEN","EDENRED","Financials","Equity","2,956,242.50","0.09","2,956,242.50","93,110.00","31.75","France","Nyse Euronext - Euronext Paris","EUR"
"HEN","HENKEL AG","Consumer Staples","Equity","2,835,532.80","0.09","2,835,532.80","38,112.00","74.40","Germany","Xetra","EUR"
"G1A","GEA GROUP AG","Industrials","Equity","2,831,470.02","0.09","2,831,470.02","59,211.00","47.82","Germany","Xetra","EUR"
"HM B","HENNES & MAURITZ","Consumer Discretionary","Equity","2,830,574.28","0.09","2,830,574.28","217,210.00","13.03","Sweden","Nasdaq Omx Nordic","SEK"
"AGS","AGEAS SA","Financials","Equity","2,794,583.40","0.09","2,794,583.40","59,586.00","46.90","Belgium","Nyse Euronext - Euronext Brussels","EUR"
"MOWI","MOWI","Consumer Staples","Equity","2,773,670.03","0.08","2,773,670.03","167,496.00","16.56","Norway","Oslo Bors Asa","NOK"
"BNR","BRENNTAG","Industrials","Equity","2,773,783.24","0.08","2,773,783.24","47,923.00","57.88","Germany","Xetra","EUR"
"NHY","NORSK HYDRO","Materials","Equity","2,765,476.80","0.08","2,765,476.80","520,043.00","5.32","Norway","Oslo Bors Asa","NOK"
"SMIN","SMITHS GROUP PLC","Industrials","Equity","2,762,583.28","0.08","2,762,583.28","132,876.00","20.79","United Kingdom","London Stock Exchange","GBP"
"MB","MEDIOBANCA BANCA DI CREDITO FINANZ","Financials","Equity","2,759,628.95","0.08","2,759,628.95","196,066.00","14.07","Italy","Borsa Italiana","EUR"
"ANTO","ANTOFAGASTA PLC","Materials","Equity","2,742,073.86","0.08","2,742,073.86","142,590.00","19.23","United Kingdom","London Stock Exchange","GBP"
"BOL","BOLIDEN","Materials","Equity","2,727,672.94","0.08","2,727,672.94","100,511.00","27.14","Sweden","Nasdaq Omx Nordic","SEK"
"ELE","ENDESA SA","Utilities","Equity","2,726,955.61","0.08","2,726,955.61","131,293.00","20.77","Spain","Bolsa De Madrid","EUR"
"SCA B","SVENSKA CELLULOSA B","Materials","Equity","2,719,131.54","0.08","2,719,131.54","221,509.00","12.28","Sweden","Nasdaq Omx Nordic","SEK"
"TEN","TENARIS SA","Energy","Equity","2,715,433.11","0.08","2,715,433.11","150,273.00","18.07","Italy","Borsa Italiana","EUR"
"BTRW","BARRATT REDROW PLC","Consumer Discretionary","Equity","2,704,652.47","0.08","2,704,652.47","508,121.00","5.32","United Kingdom","London Stock Exchange","GBP"
"ORSTED","ORSTED","Utilities","Equity","2,698,371.01","0.08","2,698,371.01","62,068.00","43.47","Denmark","Omx Nordic Exchange Copenhagen A/S","DKK"
"ZAL","ZALANDO","Consumer Discretionary","Equity","2,691,997.68","0.08","2,691,997.68","83,112.00","32.39","Germany","Xetra","EUR"
"HEIO","HEINEKEN HOLDING NV","Consumer Staples","Equity","2,679,380.60","0.08","2,679,380.60","46,316.00","57.85","Netherlands","Euronext Amsterdam","EUR"
"ALO","ALSTOM SA","Industrials","Equity","2,673,892.76","0.08","2,673,892.76","124,021.00","21.56","France","Nyse Euronext - Euronext Paris","EUR"
"CCH","COCA COLA HBC AG","Consumer Staples","Equity","2,656,324.22","0.08","2,656,324.22","80,391.00","33.04","United Kingdom","London Stock Exchange","GBP"
"CON","CONTINENTAL AG","Consumer Discretionary","Equity","2,633,312.50","0.08","2,633,312.50","40,625.00","64.82","Germany","Xetra","EUR"
"ASRNL","ASR NEDERLAND NV","Financials","Equity","2,621,637.48","0.08","2,621,637.48","57,266.00","45.78","Netherlands","Euronext Amsterdam","EUR"
"TEL","TELENOR","Communication","Equity","2,613,556.89","0.08","2,613,556.89","242,213.00","10.79","Norway","Oslo Bors Asa","NOK"
"SW","SODEXO SA","Consumer Discretionary","Equity","2,557,373.40","0.08","2,557,373.40","32,148.00","79.55","France","Nyse Euronext - Euronext Paris","EUR"
"TRYG","TRYG","Financials","Equity","2,543,617.11","0.08","2,543,617.11","125,204.00","20.32","Denmark","Omx Nordic Exchange Copenhagen A/S","DKK"
"ADDT B","ADDTECH CLASS B","Industrials","Equity","2,530,749.02","0.08","2,530,749.02","96,134.00","26.33","Sweden","Nasdaq Omx Nordic","SEK"
"MAERSK B","A P MOLLER MAERSK B","Industrials","Equity","2,525,554.71","0.08","2,525,554.71","1,582.00","1,596.43","Denmark","Omx Nordic Exchange Copenhagen A/S","DKK"
"P911","DR ING HC F PORSCHE PRF AG","Consumer Discretionary","Equity","2,524,678.72","0.08","2,524,678.72","43,216.00","58.42","Germany","Xetra","EUR"
"TREL B","TRELLEBORG B","Industrials","Equity","2,508,293.60","0.08","2,508,293.60","75,802.00","33.09","Sweden","Nasdaq Omx Nordic","SEK"
"G24","SCOUT24 N","Communication","Equity","2,496,663.80","0.08","2,496,663.80","29,338.00","85.10","Germany","Xetra","EUR"
"WTB","WHITBREAD PLC","Consumer Discretionary","Equity","2,490,558.00","0.08","2,490,558.00","69,899.00","35.63","United Kingdom","London Stock Exchange","GBP"
"SKA B","SKANSKA B","Industrials","Equity","2,477,076.24","0.08","2,477,076.24","121,794.00","20.34","Sweden","Nasdaq Omx Nordic","SEK"
"LIFCO B","LIFCO CLASS B","Industrials","Equity","2,423,295.30","0.07","2,423,295.30","86,482.00","28.02","Sweden","Nasdaq Omx Nordic","SEK"
"ERF","EUROFINS SCIENTIFIC","Health Care","Equity","2,417,225.51","0.07","2,417,225.51","49,021.00","49.31","France","Nyse Euronext - Euronext Paris","EUR"
"ABN","ABN AMRO BANK NV","Financials","Equity","2,410,199.63","0.07","2,410,199.63","161,867.00","14.89","Netherlands","Euronext Amsterdam","EUR"
"FGR","EIFFAGE SA","Industrials","Equity","2,409,945.12","0.07","2,409,945.12","28,446.00","84.72","France","Nyse Euronext - Euronext Paris","EUR"
"MNDI","MONDI PLC","Materials","Equity","2,385,766.00","0.07","2,385,766.00","165,485.00","14.42","United Kingdom","London Stock Exchange","GBP"
"TELIA","TELIA COMPANY","Communication","Equity","2,378,728.71","0.07","2,378,728.71","887,389.00","2.68","Sweden","Nasdaq Omx Nordic","SEK"
"INDT","INDUTRADE","Industrials","Equity","2,375,206.04","0.07","2,375,206.04","98,108.00","24.21","Sweden","Nasdaq Omx Nordic","SEK"
"SAAB B","SAAB CLASS B","Industrials","Equity","2,326,338.14","0.07","2,326,338.14","113,893.00","20.43","Sweden","Nasdaq Omx Nordic","SEK"
"PST","POSTE ITALIANE","Financials","Equity","2,300,622.30","0.07","2,300,622.30","168,915.00","13.62","Italy","Borsa Italiana","EUR"
"ORK","ORKLA","Consumer Staples","Equity","2,289,175.92","0.07","2,289,175.92","273,736.00","8.36","Norway","Oslo Bors Asa","NOK"
"LEG","LEG IMMOBILIEN N","Real Estate","Equity","2,281,320.20","0.07","2,281,320.20","27,889.00","81.80","Germany","Xetra","EUR"
"ZEAL","ZEALAND PHARMA","Health Care","Equity","2,266,743.38","0.07","2,266,743.38","23,625.00","95.95","Denmark","Omx Nordic Exchange Copenhagen A/S","DKK"
"BPE","BPER BANCA","Financials","Equity","2,256,152.67","0.07","2,256,152.67","367,811.00","6.13","Italy","Borsa Italiana","EUR"
"FORTUM","FORTUM","Utilities","Equity","2,243,179.16","0.07","2,243,179.16","165,977.00","13.52","Finland","Nasdaq Omx Helsinki Ltd.","EUR"
"SECU B","SECURITAS B","Industrials","Equity","2,236,274.95","0.07","2,236,274.95","186,898.00","11.97","Sweden","Nasdaq Omx Nordic","SEK"
"METSO","METSO CORPORATION","Industrials","Equity","2,235,517.12","0.07","2,235,517.12","248,944.00","8.98","Finland","Nasdaq Omx Helsinki Ltd.","EUR"
"SCHN","SCHINDLER HOLDING AG","Industrials","Equity","2,234,147.09","0.07","2,234,147.09","8,471.00","263.74","Switzerland","SIX Swiss Exchange","CHF"
"SPX","SPIRAX GROUP PLC","Industrials","Equity","2,228,919.08","0.07","2,228,919.08","26,884.00","82.91","United Kingdom","London Stock Exchange","GBP"
"AKRBP","AKER BP","Energy","Equity","2,205,079.28","0.07","2,205,079.28","116,973.00","18.85","Norway","Oslo Bors Asa","NOK"
"ELISA","ELISA","Communication","Equity","2,195,879.40","0.07","2,195,879.40","52,533.00","41.80","Finland","Nasdaq Omx Helsinki Ltd.","EUR"
"LI","KLEPIERRE REIT SA","Real Estate","Equity","2,195,143.60","0.07","2,195,143.60","78,962.00","27.80","France","Nyse Euronext - Euronext Paris","EUR"
"SKF B","SKF B","Industrials","Equity","2,166,922.27","0.07","2,166,922.27","119,426.00","18.14","Sweden","Nasdaq Omx Nordic","SEK"
"SBRY","SAINSBURY(J) PLC","Consumer Staples","Equity","2,162,519.13","0.07","2,162,519.13","653,508.00","3.31","United Kingdom","London Stock Exchange","GBP"
"SRT3","SARTORIUS PREF AG","Health Care","Equity","2,134,353.60","0.07","2,134,353.60","9,918.00","215.20","Germany","Xetra","EUR"
"EPI B","EPIROC CLASS B","Industrials","Equity","2,120,769.68","0.06","2,120,769.68","140,747.00","15.07","Sweden","Nasdaq Omx Nordic","SEK"
"GBLB","GROUPE BRUXELLES LAMBERT NV","Financials","Equity","2,104,220.90","0.06","2,104,220.90","31,858.00","66.05","Belgium","Nyse Euronext - Euronext Brussels","EUR"
"HELN","HELVETIA HOLDING AG","Financials","Equity","2,103,077.57","0.06","2,103,077.57","13,210.00","159.20","Switzerland","SIX Swiss Exchange","CHF"
"CRDA","CRODA INTERNATIONAL PLC","Materials","Equity","2,080,916.48","0.06","2,080,916.48","50,828.00","40.94","United Kingdom","London Stock Exchange","GBP"
"NIBE B","NIBE INDUSTRIER CLASS B","Industrials","Equity","2,052,981.00","0.06","2,052,981.00","543,228.00","3.78","Sweden","Nasdaq Omx Nordic","SEK"
"KGF","KINGFISHER PLC","Consumer Discretionary","Equity","2,046,275.50","0.06","2,046,275.50","680,292.00","3.01","United Kingdom","London Stock Exchange","GBP"
"NEM","NEMETSCHEK","Information Technology","Equity","2,035,144.80","0.06","2,035,144.80","21,743.00","93.60","Germany","Xetra","EUR"
"SOBI","SWEDISH ORPHAN BIOVITRUM","Health Care","Equity","2,026,544.43","0.06","2,026,544.43","73,052.00","27.74","Sweden","Nasdaq Omx Nordic","SEK"
"STERV","STORA ENSO CLASS R","Materials","Equity","2,026,086.38","0.06","2,026,086.38","208,488.00","9.72","Finland","Nasdaq Omx Helsinki Ltd.","EUR"
"SIGN","SIG GROUP N AG","Materials","Equity","2,024,218.80","0.06","2,024,218.80","106,240.00","19.05","Switzerland","SIX Swiss Exchange","CHF"
"RXL","REXEL SA","Industrials","Equity","2,009,254.20","0.06","2,009,254.20","81,677.00","24.60","France","Nyse Euronext - Euronext Paris","EUR"
"BEIJ B","BEIJER REF CLASS B","Industrials","Equity","1,991,825.98","0.06","1,991,825.98","139,727.00","14.26","Sweden","Nasdaq Omx Nordic","SEK"
"TEL2 B","TELE2 B","Communication","Equity","1,988,146.90","0.06","1,988,146.90","208,214.00","9.55","Sweden","Nasdaq Omx Nordic","SEK"
"EN","BOUYGUES SA","Industrials","Equity","1,975,025.08","0.06","1,975,025.08","69,202.00","28.54","France","Nyse Euronext - Euronext Paris","EUR"
"GET","GETLINK","Industrials","Equity","1,961,857.56","0.06","1,961,857.56","127,352.00","15.40","France","Nyse Euronext - Euronext Paris","EUR"
"TW.","TAYLOR WIMPEY PLC","Consumer Discretionary","Equity","1,956,092.72","0.06","1,956,092.72","1,324,588.00","1.48","United Kingdom","London Stock Exchange","GBP"
"REC","RECORDATI INDUSTRIA CHIMICA E FARM","Health Care","Equity","1,943,495.40","0.06","1,943,495.40","38,409.00","50.60","Italy","Borsa Italiana","EUR"
"DIM","SARTORIUS STEDIM BIOTECH SA","Health Care","Equity","1,935,495.90","0.06","1,935,495.90","10,257.00","188.70","France","Nyse Euronext - Euronext Paris","EUR"
"KBX","KNORR BREMSE AG","Industrials","Equity","1,922,524.80","0.06","1,922,524.80","27,328.00","70.35","Germany","Xetra","EUR"
"DHER","DELIVERY HERO","Consumer Discretionary","Equity","1,920,285.84","0.06","1,920,285.84","70,807.00","27.12","Germany","Xetra","EUR"
"MNG","M&G PLC","Financials","Equity","1,902,664.58","0.06","1,902,664.58","795,121.00","2.39","United Kingdom","London Stock Exchange","GBP"
"ENT","ENTAIN PLC","Consumer Discretionary","Equity","1,895,389.92","0.06","1,895,389.92","228,046.00","8.31","United Kingdom","London Stock Exchange","GBP"
"JMT","JERONIMO MARTINS SA","Consumer Staples","Equity","1,874,501.55","0.06","1,874,501.55","101,599.00","18.45","Portugal","Nyse Euronext - Euronext Lisbon","EUR"
"HL.","HARGREAVES LANSDOWN PLC","Financials","Equity","1,862,109.68","0.06","1,862,109.68","140,220.00","13.28","United Kingdom","London Stock Exchange","GBP"
"SYENS","SYENSQO NV","Materials","Equity","1,857,350.88","0.06","1,857,350.88","26,323.00","70.56","Belgium","Nyse Euronext - Euronext Brussels","EUR"
"UHR","THE SWATCH GROUP AG","Consumer Discretionary","Equity","1,853,745.15","0.06","1,853,745.15","10,543.00","175.83","Switzerland","SIX Swiss Exchange","CHF"
"LAND","LAND SECURITIES GROUP REIT PLC","Real Estate","Equity","1,849,036.93","0.06","1,849,036.93","261,782.00","7.06","United Kingdom","London Stock Exchange","GBP"
"TLX","TALANX AG","Financials","Equity","1,848,375.00","0.06","1,848,375.00","22,500.00","82.15","Germany","Xetra","EUR"
"BKG","BERKELEY GROUP HOLDINGS (THE) PLC","Consumer Discretionary","Equity","1,847,330.52","0.06","1,847,330.52","39,164.00","47.17","United Kingdom","London Stock Exchange","GBP"
"VOLV A","VOLVO CLASS A","Industrials","Equity","1,832,443.45","0.06","1,832,443.45","77,594.00","23.62","Sweden","Nasdaq Omx Nordic","SEK"
"NESTE","NESTE","Energy","Equity","1,827,649.75","0.06","1,827,649.75","150,734.00","12.13","Finland","Nasdaq Omx Helsinki Ltd.","EUR"
"VER","VERBUND AG","Utilities","Equity","1,826,300.00","0.06","1,826,300.00","26,090.00","70.00","Austria","Wiener Boerse Ag","EUR"
"KESKOB","KESKO CLASS B","Consumer Staples","Equity","1,807,255.62","0.06","1,807,255.62","99,409.00","18.18","Finland","Nasdaq Omx Helsinki Ltd.","EUR"
"BALD B","FASTIGHETS BALDER CLASS B","Real Estate","Equity","1,794,649.42","0.05","1,794,649.42","267,363.00","6.71","Sweden","Nasdaq Omx Nordic","SEK"
"MAERSK A","A P MOLLER MAERSK","Industrials","Equity","1,771,871.39","0.05","1,771,871.39","1,145.00","1,547.49","Denmark","Omx Nordic Exchange Copenhagen A/S","DKK"
"PSN","PERSIMMON PLC","Consumer Discretionary","Equity","1,770,500.69","0.05","1,770,500.69","122,193.00","14.49","United Kingdom","London Stock Exchange","GBP"
"EVD","CTS EVENTIM AG","Communication","Equity","1,765,517.95","0.05","1,765,517.95","21,623.00","81.65","Germany","Xetra","EUR"
"PUM","PUMA","Consumer Discretionary","Equity","1,764,995.68","0.05","1,764,995.68","39,788.00","44.36","Germany","Xetra","EUR"
"UNI","UNIPOL GRUPPO FINANZIARIO","Financials","Equity","1,755,477.75","0.05","1,755,477.75","145,925.00","12.03","Italy","Borsa Italiana","EUR"
"BARN","BARRY CALLEBAUT AG","Consumer Staples","Equity","1,741,037.85","0.05","1,741,037.85","1,357.00","1,283.01","Switzerland","SIX Swiss Exchange","CHF"
"PHNX","PHOENIX GROUP HOLDINGS PLC","Financials","Equity","1,717,911.58","0.05","1,717,911.58","278,508.00","6.17","United Kingdom","London Stock Exchange","GBP"
"INDU C","INDUSTRIVARDEN SERIES","Financials","Equity","1,700,022.50","0.05","1,700,022.50","55,717.00","30.51","Sweden","Nasdaq Omx Nordic","SEK"
"BIM","BIOMERIEUX SA","Health Care","Equity","1,690,051.50","0.05","1,690,051.50","16,329.00","103.50","France","Nyse Euronext - Euronext Paris","EUR"
"EMSN","EMS-CHEMIE HOLDING AG","Materials","Equity","1,676,633.44","0.05","1,676,633.44","2,573.00","651.63","Switzerland","SIX Swiss Exchange","CHF"
"RAND","RANDSTAD HOLDING","Industrials","Equity","1,670,412.72","0.05","1,670,412.72","41,032.00","40.71","Netherlands","Euronext Amsterdam","EUR"
"TEP","TELEPERFORMANCE","Industrials","Equity","1,658,992.08","0.05","1,658,992.08","19,959.00","83.12","France","Nyse Euronext - Euronext Paris","EUR"
"ORNBV","ORION CLASS B","Health Care","Equity","1,618,067.94","0.05","1,618,067.94","37,823.00","42.78","Finland","Nasdaq Omx Helsinki Ltd.","EUR"
"AKE","ARKEMA SA","Materials","Equity","1,596,402.75","0.05","1,596,402.75","21,705.00","73.55","France","Nyse Euronext - Euronext Paris","EUR"
"IPN","IPSEN SA","Health Care","Equity","1,593,969.30","0.05","1,593,969.30","14,399.00","110.70","France","Nyse Euronext - Euronext Paris","EUR"
"EVK","EVONIK INDUSTRIES AG","Materials","Equity","1,587,124.91","0.05","1,587,124.91","94,867.00","16.73","Germany","Xetra","EUR"
"BOL","BOLLORE","Communication","Equity","1,580,800.32","0.05","1,580,800.32","266,128.00","5.94","France","Nyse Euronext - Euronext Paris","EUR"
"RAA","RATIONAL AG","Industrials","Equity","1,548,296.00","0.05","1,548,296.00","1,879.00","824.00","Germany","Xetra","EUR"
"SAGA B","SAGAX CLASS B","Real Estate","Equity","1,547,033.06","0.05","1,547,033.06","78,251.00","19.77","Sweden","Nasdaq Omx Nordic","SEK"
"LOTB","LOTUS BAKERIES NV","Consumer Staples","Equity","1,519,980.00","0.05","1,519,980.00","141.00","10,780.00","Belgium","Nyse Euronext - Euronext Brussels","EUR"
"GFC","GECINA SA","Real Estate","Equity","1,514,133.00","0.05","1,514,133.00","16,740.00","90.45","France","Nyse Euronext - Euronext Paris","EUR"
"TEMN","TEMENOS AG","Information Technology","Equity","1,500,413.23","0.05","1,500,413.23","21,966.00","68.31","Switzerland","SIX Swiss Exchange","CHF"
"ADEN","ADECCO GROUP AG","Industrials","Equity","1,472,737.66","0.05","1,472,737.66","61,809.00","23.83","Switzerland","SIX Swiss Exchange","CHF"
"BMW3","BMW PREF AG","Consumer Discretionary","Equity","1,431,492.80","0.04","1,431,492.80","19,772.00","72.40","Germany","Xetra","EUR"
"HIK","HIKMA PHARMACEUTICALS PLC","Health Care","Equity","1,409,782.69","0.04","1,409,782.69","58,486.00","24.10","United Kingdom","London Stock Exchange","GBP"
"ADP","AEROPORTS DE PARIS SA","Industrials","Equity","1,398,819.10","0.04","1,398,819.10","12,523.00","111.70","France","Nyse Euronext - Euronext Paris","EUR"
"INPST","INPOST SA","Industrials","Equity","1,373,499.92","0.04","1,373,499.92","83,192.00","16.51","Netherlands","Euronext Amsterdam","EUR"
"AMUN","AMUNDI SA","Financials","Equity","1,355,775.60","0.04","1,355,775.60","21,118.00","64.20","France","Nyse Euronext - Euronext Paris","EUR"
"FDJ","LA FRANCAISE DES JEUX SA","Consumer Discretionary","Equity","1,349,820.52","0.04","1,349,820.52","36,266.00","37.22","France","Nyse Euronext - Euronext Paris","EUR"
"GJF","GJENSIDIGE FORSIKRING","Financials","Equity","1,344,194.61","0.04","1,344,194.61","78,649.00","17.09","Norway","Oslo Bors Asa","NOK"
"CPR","DAVIDE CAMPARI MILANO NV","Consumer Staples","Equity","1,342,044.09","0.04","1,342,044.09","223,005.00","6.02","Italy","Borsa Italiana","EUR"
"GETI B","GETINGE B","Health Care","Equity","1,335,122.21","0.04","1,335,122.21","84,141.00","15.87","Sweden","Nasdaq Omx Nordic","SEK"
"INDU A","INDUSTRIVARDEN A","Financials","Equity","1,318,720.65","0.04","1,318,720.65","43,183.00","30.54","Sweden","Nasdaq Omx Nordic","SEK"
"DEMANT","DEMANT","Health Care","Equity","1,282,691.65","0.04","1,282,691.65","36,205.00","35.43","Denmark","Omx Nordic Exchange Copenhagen A/S","DKK"
"DIE","DIETEREN (D) SA","Consumer Discretionary","Equity","1,275,797.30","0.04","1,275,797.30","7,939.00","160.70","Belgium","Nyse Euronext - Euronext Brussels","EUR"
"LATO B","LATOUR INVESTMENT CLASS B","Industrials","Equity","1,272,036.27","0.04","1,272,036.27","52,751.00","24.11","Sweden","Nasdaq Omx Nordic","SEK"
"LHA","DEUTSCHE LUFTHANSA AG","Industrials","Equity","1,267,716.64","0.04","1,267,716.64","205,265.00","6.18","Germany","Xetra","EUR"
"BKW","BKW N AG","Utilities","Equity","1,252,117.66","0.04","1,252,117.66","7,823.00","160.06","Switzerland","SIX Swiss Exchange","CHF"
"LUND B","LUNDBERGFORETAGEN CLASS B","Financials","Equity","1,243,359.44","0.04","1,243,359.44","28,395.00","43.79","Sweden","Nasdaq Omx Nordic","SEK"
"RF","EURAZEO","Financials","Equity","1,213,940.40","0.04","1,213,940.40","16,872.00","71.95","France","Nyse Euronext - Euronext Paris","EUR"
"WDP","WAREHOUSES DE PAUW NV","Real Estate","Equity","1,209,958.00","0.04","1,209,958.00","63,682.00","19.00","Belgium","Nyse Euronext - Euronext Brussels","EUR"
"NEXI","NEXI","Financials","Equity","1,207,313.20","0.04","1,207,313.20","225,245.00","5.36","Italy","Borsa Italiana","EUR"
"AMP","AMPLIFON","Health Care","Equity","1,192,949.10","0.04","1,192,949.10","48,006.00","24.85","Italy","Borsa Italiana","EUR"
"SDR","SCHRODERS PLC","Financials","Equity","1,191,806.86","0.04","1,191,806.86","304,512.00","3.91","United Kingdom","London Stock Exchange","GBP"
"EDPR","EDP RENOVAVEIS SA","Utilities","Equity","1,166,989.36","0.04","1,166,989.36","116,234.00","10.04","Portugal","Nyse Euronext - Euronext Lisbon","EUR"
"ANA","ACCIONA SA","Utilities","Equity","1,142,871.80","0.04","1,142,871.80","10,514.00","108.70","Spain","Bolsa De Madrid","EUR"
"EDV","ENDEAVOUR MINING","Materials","Equity","1,140,878.95","0.03","1,140,878.95","66,196.00","17.23","United Kingdom","London Stock Exchange","GBP"
"SALM","SALMAR","Consumer Staples","Equity","1,141,018.88","0.03","1,141,018.88","24,827.00","45.96","Norway","Oslo Bors Asa","NOK"
"ROCK B","ROCKWOOL INTERNATIONAL B","Industrials","Equity","1,137,187.07","0.03","1,137,187.07","3,323.00","342.22","Denmark","Omx Nordic Exchange Copenhagen A/S","DKK"
"INW","INFRASTRUTTURE WIRELESS ITALIANE","Communication","Equity","1,132,268.21","0.03","1,132,268.21","115,361.00","9.81","Italy","Borsa Italiana","EUR"
"SOF","SOFINA SA","Financials","Equity","1,103,575.20","0.03","1,103,575.20","5,053.00","218.40","Belgium","Nyse Euronext - Euronext Brussels","EUR"
"BCVN","BC VAUD N","Financials","Equity","1,061,788.44","0.03","1,061,788.44","11,933.00","88.98","Switzerland","SIX Swiss Exchange","CHF"
"JD.","JD SPORTS FASHION PLC","Consumer Discretionary","Equity","1,049,338.66","0.03","1,049,338.66","904,699.00","1.16","United Kingdom","London Stock Exchange","GBP"
"COV","COVIVIO SA","Real Estate","Equity","1,006,308.88","0.03","1,006,308.88","20,638.00","48.76","France","Nyse Euronext - Euronext Paris","EUR"
"HOLM B","HOLMEN CLASS B","Materials","Equity","1,001,698.61","0.03","1,001,698.61","28,215.00","35.50","Sweden","Nasdaq Omx Nordic","SEK"
"GRF","GRIFOLS SA CLASS A","Health Care","Equity","982,851.97","0.03","982,851.97","107,439.00","9.15","Spain","Bolsa De Madrid","EUR"
"BC8","BECHTLE AG","Information Technology","Equity","948,363.40","0.03","948,363.40","30,494.00","31.10","Germany","Xetra","EUR"
"ELI","ELIA GROUP SA","Utilities","Equity","920,104.80","0.03","920,104.80","12,367.00","74.40","Belgium","Nyse Euronext - Euronext Brussels","EUR"
"CLN","CLARIANT AG","Materials","Equity","871,704.50","0.03","871,704.50","81,073.00","10.75","Switzerland","SIX Swiss Exchange","CHF"
"TIT","TELECOM ITALIA","Communication","Equity","821,528.67","0.03","821,528.67","3,331,422.00","0.25","Italy","Borsa Italiana","EUR"
"DIA","DIASORIN","Health Care","Equity","802,154.92","0.02","802,154.92","8,057.00","99.56","Italy","Borsa Italiana","EUR"
"BANB","BACHEM HOLDING AG","Health Care","Equity","743,353.52","0.02","743,353.52","12,048.00","61.70","Switzerland","SIX Swiss Exchange","CHF"
"JDEP","JDE PEETS NV","Consumer Staples","Equity","738,808.35","0.02","738,808.35","44,695.00","16.53","Netherlands","Euronext Amsterdam","EUR"
"SK","SEB SA","Consumer Discretionary","Equity","712,687.50","0.02","712,687.50","8,145.00","87.50","France","Nyse Euronext - Euronext Paris","EUR"
"AFX","CARL ZEISS MEDITEC AG","Health Care","Equity","670,964.80","0.02","670,964.80","14,740.00","45.52","Germany","Xetra","EUR"
"HSBFT","CASH COLLATERAL EUR HSBFT","Cash and/or Derivatives","Cash Collateral and Margins","626,000.00","0.02","626,000.00","626,000.00","100.00","European Union","-","EUR"
"RED","REDEIA CORPORACION SA","Utilities","Equity","531,877.50","0.02","531,877.50","32,235.00","16.50","Spain","Bolsa De Madrid","EUR"
"DKK","DKK CASH","Cash and/or Derivatives","Cash","341,787.62","0.01","341,787.62","2,548,798.00","13.41","Denmark","-","DKK"
"ICSEAGD","BLK ICS EUR LIQ FUND AGEN ACC T0","Cash and/or Derivatives","Money Market","181,968.67","0.01","181,968.67","1,723.00","105.62","Ireland","-","EUR"
"CHF","CHF CASH","Cash and/or Derivatives","Cash","181,461.75","0.01","181,461.75","170,288.00","106.56","Switzerland","-","CHF"
"USD","USD CASH","Cash and/or Derivatives","Cash","93,250.24","0.00","93,250.24","96,561.00","96.57","United States","-","USD"
"NOK","NOK CASH","Cash and/or Derivatives","Cash","31,479.71","0.00","31,479.71","370,218.00","8.50","Norway","-","NOK"
"SEK","SEK/EUR","Cash and/or Derivatives","FX","644.26","0.00","644.26","2,706,160.00","1.00","European Union","-","EUR"
"NOK","NOK/EUR","Cash and/or Derivatives","FX","245.26","0.00","245.26","396,791.00","1.00","European Union","-","EUR"
"DKK","DKK/EUR","Cash and/or Derivatives","FX","102.82","0.00","102.82","1,590,216.00","1.00","European Union","-","EUR"
"SXOH5","STOXX EUROPE 600 MAR 25","Cash and/or Derivatives","Futures","0.00","0.00","9,301,200.00","368.00","505.50","European Union","Eurex Deutschland","EUR"
"SEK","SEK CASH","Cash and/or Derivatives","Cash","-66,163.16","0.00","-66,163.16","-757,006.00","8.74","Sweden","-","SEK"
 